code,name,submun,city,province
112300000,DAVAO DEL NORTE,,,
112301000,ASUNCION (SAUG),,,Davo Del Norte
112301004,Binancian,,Asuncion,Davo Del Norte
112301006,Buan,,Asuncion,Davo Del Norte
112301007,Buclad,,Asuncion,Davo Del Norte
112301008,Cabaywa,,Asuncion,Davo Del Norte
112301009,Camansa,,Asuncion,Davo Del Norte
112301010,Camoning,,Asuncion,Davo Del Norte
112301011,Canatan,,Asuncion,Davo Del Norte
112301012,Concepcion,,Asuncion,Davo Del Norte
112301013,Doña Andrea,,Asuncion,Davo Del Norte
112301026,Magatos,,Asuncion,Davo Del Norte
112301028,Napungas,,Asuncion,Davo Del Norte
112301029,New Bantayan,,Asuncion,Davo Del Norte
112301030,New Santiago,,Asuncion,Davo Del Norte
112301031,Pamacaun,,Asuncion,Davo Del Norte
112301032,Cambanogoy (Pob.),,Asuncion,Davo Del Norte
112301034,Sagayen,,Asuncion,Davo Del Norte
112301036,San Vicente,,Asuncion,Davo Del Norte
112301037,Santa Filomena,,Asuncion,Davo Del Norte
112301039,Sonlon,,Asuncion,Davo Del Norte
112301040,New Loon,,Asuncion,Davo Del Norte
112303000,CARMEN,,,Davo Del Norte
112303001,Alejal,,Carmen,Davo Del Norte
112303002,Anibongan,,Carmen,Davo Del Norte
112303003,Asuncion (Cuatro-Cuatro),,Carmen,Davo Del Norte
112303005,Cebulano,,Carmen,Davo Del Norte
112303006,Guadalupe,,Carmen,Davo Del Norte
112303007,Ising (Pob.),,Carmen,Davo Del Norte
112303008,La Paz,,Carmen,Davo Del Norte
112303010,Mabaus,,Carmen,Davo Del Norte
112303011,Mabuhay,,Carmen,Davo Del Norte
112303012,Magsaysay,,Carmen,Davo Del Norte
112303014,Mangalcal,,Carmen,Davo Del Norte
112303015,Minda,,Carmen,Davo Del Norte
112303016,New Camiling,,Carmen,Davo Del Norte
112303018,San Isidro,,Carmen,Davo Del Norte
112303019,Santo Niño,,Carmen,Davo Del Norte
112303020,Tibulao,,Carmen,Davo Del Norte
112303021,Tubod,,Carmen,Davo Del Norte
112303022,Tuganay,,Carmen,Davo Del Norte
112303023,Salvacion,,Carmen,Davo Del Norte
112303024,Taba,,Carmen,Davo Del Norte
112305000,KAPALONG,,,Davo Del Norte
112305003,Semong,,Kapalong,Davo Del Norte
112305005,Florida,,Kapalong,Davo Del Norte
112305006,Gabuyan,,Kapalong,Davo Del Norte
112305007,Gupitan,,Kapalong,Davo Del Norte
112305008,Capungagan,,Kapalong,Davo Del Norte
112305009,Katipunan,,Kapalong,Davo Del Norte
112305012,Luna,,Kapalong,Davo Del Norte
112305013,Mabantao,,Kapalong,Davo Del Norte
112305015,Mamacao,,Kapalong,Davo Del Norte
112305018,Pag-asa,,Kapalong,Davo Del Norte
112305021,Maniki (Poblacion),,Kapalong,Davo Del Norte
112305022,Sampao,,Kapalong,Davo Del Norte
112305026,Sua-on,,Kapalong,Davo Del Norte
112305028,Tiburcia,,Kapalong,Davo Del Norte
112314000,NEW CORELLA,,,Davo Del Norte
112314001,Cabidianan,,New Corella,Davo Del Norte
112314002,Carcor,,New Corella,Davo Del Norte
112314003,Del Monte,,New Corella,Davo Del Norte
112314004,Del Pilar,,New Corella,Davo Del Norte
112314005,El Salvador,,New Corella,Davo Del Norte
112314006,Limba-an,,New Corella,Davo Del Norte
112314007,Macgum,,New Corella,Davo Del Norte
112314008,Mambing,,New Corella,Davo Del Norte
112314009,Mesaoy,,New Corella,Davo Del Norte
112314010,New Bohol,,New Corella,Davo Del Norte
112314011,New Cortez,,New Corella,Davo Del Norte
112314012,New Sambog,,New Corella,Davo Del Norte
112314013,Patrocenio,,New Corella,Davo Del Norte
112314014,Poblacion,,New Corella,Davo Del Norte
112314015,San Roque,,New Corella,Davo Del Norte
112314016,Santa Cruz,,New Corella,Davo Del Norte
112314017,Santa Fe,,New Corella,Davo Del Norte
112314018,Santo Niño,,New Corella,Davo Del Norte
112314019,Suawon,,New Corella,Davo Del Norte
112314020,San Jose,,New Corella,Davo Del Norte
112315000,CITY OF PANABO,,,Davo Del Norte
112315001,A. O. Floirendo,,Panabo,Davo Del Norte
112315002,Datu Abdul Dadia,,Panabo,Davo Del Norte
112315003,Buenavista,,Panabo,Davo Del Norte
112315004,Cacao,,Panabo,Davo Del Norte
112315005,Cagangohan,,Panabo,Davo Del Norte
112315006,Consolacion,,Panabo,Davo Del Norte
112315007,Dapco,,Panabo,Davo Del Norte
112315009,Gredu (Pob.),,Panabo,Davo Del Norte
112315010,J.P. Laurel,,Panabo,Davo Del Norte
112315011,Kasilak,,Panabo,Davo Del Norte
112315012,Katipunan,,Panabo,Davo Del Norte
112315013,Katualan,,Panabo,Davo Del Norte
112315014,Kauswagan,,Panabo,Davo Del Norte
112315015,Kiotoy,,Panabo,Davo Del Norte
112315016,Little Panay,,Panabo,Davo Del Norte
112315017,Lower Panaga (Roxas),,Panabo,Davo Del Norte
112315018,Mabunao,,Panabo,Davo Del Norte
112315019,Maduao,,Panabo,Davo Del Norte
112315020,Malativas,,Panabo,Davo Del Norte
112315021,Manay,,Panabo,Davo Del Norte
112315022,Nanyo,,Panabo,Davo Del Norte
112315023,New Malaga (Dalisay),,Panabo,Davo Del Norte
112315024,New Malitbog,,Panabo,Davo Del Norte
112315025,New Pandan (Pob.),,Panabo,Davo Del Norte
112315026,New Visayas,,Panabo,Davo Del Norte
112315027,Quezon,,Panabo,Davo Del Norte
112315028,Salvacion,,Panabo,Davo Del Norte
112315029,San Francisco (Pob.),,Panabo,Davo Del Norte
112315030,San Nicolas,,Panabo,Davo Del Norte
112315031,San Roque,,Panabo,Davo Del Norte
112315032,San Vicente,,Panabo,Davo Del Norte
112315033,Santa Cruz,,Panabo,Davo Del Norte
112315034,Santo Niño (Pob.),,Panabo,Davo Del Norte
112315035,Sindaton,,Panabo,Davo Del Norte
112315036,Southern Davao,,Panabo,Davo Del Norte
112315037,Tagpore,,Panabo,Davo Del Norte
112315038,Tibungol,,Panabo,Davo Del Norte
112315039,Upper Licanan,,Panabo,Davo Del Norte
112315040,Waterfall,,Panabo,Davo Del Norte
112315041,San Pedro,,Panabo,Davo Del Norte
112317000,ISLAND GARDEN CITY OF SAMAL,,,Davo Del Norte
112317001,Adecor,,Island Garden City of Samal,Davo Del Norte
112317002,Anonang,,Island Garden City of Samal,Davo Del Norte
112317003,Aumbay,,Island Garden City of Samal,Davo Del Norte
112317004,Aundanao,,Island Garden City of Samal,Davo Del Norte
112317005,Balet,,Island Garden City of Samal,Davo Del Norte
112317006,Bandera,,Island Garden City of Samal,Davo Del Norte
112317007,Caliclic (Dangca-an),,Island Garden City of Samal,Davo Del Norte
112317008,Camudmud,,Island Garden City of Samal,Davo Del Norte
112317009,Catagman,,Island Garden City of Samal,Davo Del Norte
112317010,Cawag,,Island Garden City of Samal,Davo Del Norte
112317011,Cogon,,Island Garden City of Samal,Davo Del Norte
112317012,Cogon (Talicod),,Island Garden City of Samal,Davo Del Norte
112317013,Dadatan,,Island Garden City of Samal,Davo Del Norte
112317014,Del Monte,,Island Garden City of Samal,Davo Del Norte
112317015,Guilon,,Island Garden City of Samal,Davo Del Norte
112317016,Kanaan,,Island Garden City of Samal,Davo Del Norte
112317017,Kinawitnon,,Island Garden City of Samal,Davo Del Norte
112317018,Libertad,,Island Garden City of Samal,Davo Del Norte
112317019,Libuak,,Island Garden City of Samal,Davo Del Norte
112317020,Licup,,Island Garden City of Samal,Davo Del Norte
112317021,Limao,,Island Garden City of Samal,Davo Del Norte
112317022,Linosutan,,Island Garden City of Samal,Davo Del Norte
112317023,Mambago-A,,Island Garden City of Samal,Davo Del Norte
112317024,Mambago-B,,Island Garden City of Samal,Davo Del Norte
112317025,Miranda (Pob.),,Island Garden City of Samal,Davo Del Norte
112317026,Moncado (Pob.),,Island Garden City of Samal,Davo Del Norte
112317027,Pangubatan (Talicod I),,Island Garden City of Samal,Davo Del Norte
112317028,Peñaplata (Pob.),,Island Garden City of Samal,Davo Del Norte
112317029,Poblacion (Kaputian),,Island Garden City of Samal,Davo Del Norte
112317030,San Agustin,,Island Garden City of Samal,Davo Del Norte
112317031,San Antonio,,Island Garden City of Samal,Davo Del Norte
112317032,San Isidro (Babak),,Island Garden City of Samal,Davo Del Norte
112317033,San Isidro (Kaputian),,Island Garden City of Samal,Davo Del Norte
112317034,San Jose (San Lapuz),,Island Garden City of Samal,Davo Del Norte
112317035,San Miguel (Magamono),,Island Garden City of Samal,Davo Del Norte
112317036,San Remigio,,Island Garden City of Samal,Davo Del Norte
112317037,Santa Cruz (Talicod II),,Island Garden City of Samal,Davo Del Norte
112317038,Santo Niño,,Island Garden City of Samal,Davo Del Norte
112317039,Sion (Zion),,Island Garden City of Samal,Davo Del Norte
112317040,Tagbaobo,,Island Garden City of Samal,Davo Del Norte
112317041,Tagbay,,Island Garden City of Samal,Davo Del Norte
112317042,Tagbitan-ag,,Island Garden City of Samal,Davo Del Norte
112317043,Tagdaliao,,Island Garden City of Samal,Davo Del Norte
112317044,Tagpopongan,,Island Garden City of Samal,Davo Del Norte
112317045,Tambo,,Island Garden City of Samal,Davo Del Norte
112317046,Toril,,Island Garden City of Samal,Davo Del Norte
112318000,SANTO TOMAS,,,Davo Del Norte
112318001,Balagunan,,Santos Tomas,Davo Del Norte
112318002,Bobongon,,Santos Tomas,Davo Del Norte
112318003,Esperanza,,Santos Tomas,Davo Del Norte
112318004,Kimamon,,Santos Tomas,Davo Del Norte
112318005,Kinamayan,,Santos Tomas,Davo Del Norte
112318006,La Libertad,,Santos Tomas,Davo Del Norte
112318007,Lungaog,,Santos Tomas,Davo Del Norte
112318008,Magwawa,,Santos Tomas,Davo Del Norte
112318009,New Katipunan,,Santos Tomas,Davo Del Norte
112318010,Pantaron,,Santos Tomas,Davo Del Norte
112318011,Tibal-og (Pob.),,Santos Tomas,Davo Del Norte
112318013,San Jose,,Santos Tomas,Davo Del Norte
112318014,San Miguel,,Santos Tomas,Davo Del Norte
112318015,Talomo,,Santos Tomas,Davo Del Norte
112318016,Casig-Ang,,Santos Tomas,Davo Del Norte
112318017,New Visayas,,Santos Tomas,Davo Del Norte
112318018,Salvacion,,Santos Tomas,Davo Del Norte
112318019,San Vicente,,Santos Tomas,Davo Del Norte
112318020,Tulalian,,Santos Tomas,Davo Del Norte
112319000,CITY OF TAGUM,,,Davo Del Norte
112319001,Apokon,,Tagum,Davo Del Norte
112319003,Bincungan,,Tagum,Davo Del Norte
112319004,Busaon,,Tagum,Davo Del Norte
112319005,Canocotan,,Tagum,Davo Del Norte
112319006,Cuambogan,,Tagum,Davo Del Norte
112319007,La Filipina,,Tagum,Davo Del Norte
112319008,Liboganon,,Tagum,Davo Del Norte
112319009,Madaum,,Tagum,Davo Del Norte
112319010,Magdum,,Tagum,Davo Del Norte
112319011,Mankilam,,Tagum,Davo Del Norte
112319012,New Balamban,,Tagum,Davo Del Norte
112319013,Nueva Fuerza,,Tagum,Davo Del Norte
112319014,Pagsabangan,,Tagum,Davo Del Norte
112319015,Pandapan,,Tagum,Davo Del Norte
112319016,Magugpo Poblacion,,Tagum,Davo Del Norte
112319018,San Agustin,,Tagum,Davo Del Norte
112319019,San Isidro,,Tagum,Davo Del Norte
112319020,San Miguel (Camp 4),,Tagum,Davo Del Norte
112319022,Visayan Village,,Tagum,Davo Del Norte
112319023,Magugpo East,,Tagum,Davo Del Norte
112319024,Magugpo North,,Tagum,Davo Del Norte
112319025,Magugpo South,,Tagum,Davo Del Norte
112319026,Magugpo West,,Tagum,Davo Del Norte
112322000,TALAINGOD,,,Davo Del Norte
112322001,Dagohoy,,Talaingod,Davo Del Norte
112322002,Palma Gil,,Talaingod,Davo Del Norte
112322003,Santo Niño,,Talaingod,Davo Del Norte
112323000,BRAULIO E. DUJALI,,,Davo Del Norte
112323001,Cabay-Angan,,Braulio E. Dujali,Davo Del Norte
112323002,Dujali,,Braulio E. Dujali,Davo Del Norte
112323003,Magupising,,Braulio E. Dujali,Davo Del Norte
112323004,New Casay,,Braulio E. Dujali,Davo Del Norte
112323005,Tanglaw,,Braulio E. Dujali,Davo Del Norte
112324000,SAN ISIDRO,,,Davo Del Norte
112324001,Dacudao,,San Isidro,Davo Del Norte
112324002,Datu Balong,,San Isidro,Davo Del Norte
112324003,Igangon,,San Isidro,Davo Del Norte
112324004,Kipalili,,San Isidro,Davo Del Norte
112324005,Libuton,,San Isidro,Davo Del Norte
112324006,Linao,,San Isidro,Davo Del Norte
112324007,Mamangan,,San Isidro,Davo Del Norte
112324008,Monte Dujali,,San Isidro,Davo Del Norte
112324009,Pinamuno,,San Isidro,Davo Del Norte
112324010,Sabangan,,San Isidro,Davo Del Norte
112324011,San Miguel,,San Isidro,Davo Del Norte
112324012,Santo Niño,,San Isidro,Davo Del Norte
112324013,Sawata,,San Isidro,Davo Del Norte
112400000,DAVAO DEL SUR,,,
112401000,BANSALAN,,,Davao Del Sur
112401001,Alegre,,Bansalan,Davao Del Sur
112401002,Alta Vista,,Bansalan,Davao Del Sur
112401003,Anonang,,Bansalan,Davao Del Sur
112401004,Bitaug,,Bansalan,Davao Del Sur
112401005,Bonifacio,,Bansalan,Davao Del Sur
112401006,Buenavista,,Bansalan,Davao Del Sur
112401007,Darapuay,,Bansalan,Davao Del Sur
112401008,Dolo,,Bansalan,Davao Del Sur
112401009,Eman,,Bansalan,Davao Del Sur
112401010,Kinuskusan,,Bansalan,Davao Del Sur
112401011,Libertad,,Bansalan,Davao Del Sur
112401012,Linawan,,Bansalan,Davao Del Sur
112401013,Mabuhay,,Bansalan,Davao Del Sur
112401014,Mabunga,,Bansalan,Davao Del Sur
112401015,Managa,,Bansalan,Davao Del Sur
112401016,Marber,,Bansalan,Davao Del Sur
112401017,New Clarin (Miral),,Bansalan,Davao Del Sur
112401018,Poblacion,,Bansalan,Davao Del Sur
112401019,Rizal,,Bansalan,Davao Del Sur
112401020,Santo Niño,,Bansalan,Davao Del Sur
112401021,Sibayan,,Bansalan,Davao Del Sur
112401022,Tinongtongan,,Bansalan,Davao Del Sur
112401023,Tubod,,Bansalan,Davao Del Sur
112401024,Union,,Bansalan,Davao Del Sur
112401025,Poblacion Dos,,Bansalan,Davao Del Sur
112402000,CITY OF DAVAO,,,Davao Del Sur
112402001,Acacia,,Davao,Davao Del Sur
112402002,Agdao,,Davao,Davao Del Sur
112402003,Alambre,,Davao,Davao Del Sur
112402004,Atan-Awe,,Davao,Davao Del Sur
112402005,Bago Gallera,,Davao,Davao Del Sur
112402006,Bago Oshiro,,Davao,Davao Del Sur
112402007,Baguio (Pob.),,Davao,Davao Del Sur
112402009,Balengaeng,,Davao,Davao Del Sur
112402010,Baliok,,Davao,Davao Del Sur
112402012,Bangkas Heights,,Davao,Davao Del Sur
112402013,Baracatan,,Davao,Davao Del Sur
112402014,Bato,,Davao,Davao Del Sur
112402015,Bayabas,,Davao,Davao Del Sur
112402016,Biao Escuela,,Davao,Davao Del Sur
112402017,Biao Guianga,,Davao,Davao Del Sur
112402018,Biao Joaquin,,Davao,Davao Del Sur
112402019,Binugao,,Davao,Davao Del Sur
112402020,Bucana,,Davao,Davao Del Sur
112402021,Buhangin (Pob.),,Davao,Davao Del Sur
112402022,Bunawan (Pob.),,Davao,Davao Del Sur
112402023,Cabantian,,Davao,Davao Del Sur
112402024,Cadalian,,Davao,Davao Del Sur
112402026,Calinan (Pob.),,Davao,Davao Del Sur
112402027,Callawa,,Davao,Davao Del Sur
112402028,Camansi,,Davao,Davao Del Sur
112402029,Carmen,,Davao,Davao Del Sur
112402030,Catalunan Grande,,Davao,Davao Del Sur
112402031,Catalunan Pequeño,,Davao,Davao Del Sur
112402032,Catigan,,Davao,Davao Del Sur
112402033,Cawayan,,Davao,Davao Del Sur
112402034,Colosas,,Davao,Davao Del Sur
112402035,Communal,,Davao,Davao Del Sur
112402036,Crossing Bayabas,,Davao,Davao Del Sur
112402037,Dacudao,,Davao,Davao Del Sur
112402038,Dalag,,Davao,Davao Del Sur
112402039,Dalagdag,,Davao,Davao Del Sur
112402040,Daliao,,Davao,Davao Del Sur
112402041,Daliaon Plantation,,Davao,Davao Del Sur
112402042,Dominga,,Davao,Davao Del Sur
112402043,Dumoy,,Davao,Davao Del Sur
112402044,Eden,,Davao,Davao Del Sur
112402045,Fatima (Benowang),,Davao,Davao Del Sur
112402047,Gatungan,,Davao,Davao Del Sur
112402048,Gumalang,,Davao,Davao Del Sur
112402049,Ilang,,Davao,Davao Del Sur
112402050,Indangan,,Davao,Davao Del Sur
112402051,Kilate,,Davao,Davao Del Sur
112402052,Lacson,,Davao,Davao Del Sur
112402053,Lamanan,,Davao,Davao Del Sur
112402054,Lampianao,,Davao,Davao Del Sur
112402055,Langub,,Davao,Davao Del Sur
112402056,Alejandra Navarro (Lasang),,Davao,Davao Del Sur
112402057,Lizada,,Davao,Davao Del Sur
112402058,Los Amigos,,Davao,Davao Del Sur
112402059,Lubogan,,Davao,Davao Del Sur
112402060,Lumiad,,Davao,Davao Del Sur
112402061,Ma-a,,Davao,Davao Del Sur
112402062,Mabuhay,,Davao,Davao Del Sur
112402063,Magtuod,,Davao,Davao Del Sur
112402064,Mahayag,,Davao,Davao Del Sur
112402065,Malabog,,Davao,Davao Del Sur
112402066,Malagos,,Davao,Davao Del Sur
112402067,Malamba,,Davao,Davao Del Sur
112402068,Manambulan,,Davao,Davao Del Sur
112402069,Mandug,,Davao,Davao Del Sur
112402070,Manuel Guianga,,Davao,Davao Del Sur
112402071,Mapula,,Davao,Davao Del Sur
112402072,Marapangi,,Davao,Davao Del Sur
112402073,Marilog,,Davao,Davao Del Sur
112402074,Matina Aplaya,,Davao,Davao Del Sur
112402075,Matina Crossing,,Davao,Davao Del Sur
112402077,Matina Pangi,,Davao,Davao Del Sur
112402078,Matina Biao,,Davao,Davao Del Sur
112402079,Mintal,,Davao,Davao Del Sur
112402080,Mudiang,,Davao,Davao Del Sur
112402081,Mulig,,Davao,Davao Del Sur
112402082,New Carmen,,Davao,Davao Del Sur
112402083,New Valencia,,Davao,Davao Del Sur
112402086,Pampanga,,Davao,Davao Del Sur
112402087,Panacan,,Davao,Davao Del Sur
112402088,Panalum,,Davao,Davao Del Sur
112402089,Pandaitan,,Davao,Davao Del Sur
112402090,Pangyan,,Davao,Davao Del Sur
112402091,Paquibato (Pob.),,Davao,Davao Del Sur
112402092,Paradise Embak,,Davao,Davao Del Sur
112402097,Riverside,,Davao,Davao Del Sur
112402098,Salapawan,,Davao,Davao Del Sur
112402099,Salaysay,,Davao,Davao Del Sur
112402100,San Isidro (Licanan),,Davao,Davao Del Sur
112402101,Sasa,,Davao,Davao Del Sur
112402102,Sibulan,,Davao,Davao Del Sur
112402104,Sirawan,,Davao,Davao Del Sur
112402105,Sirib,,Davao,Davao Del Sur
112402106,Suawan (Tuli),,Davao,Davao Del Sur
112402107,Subasta,,Davao,Davao Del Sur
112402108,Sumimao,,Davao,Davao Del Sur
112402110,Tacunan,,Davao,Davao Del Sur
112402112,Tagakpan,,Davao,Davao Del Sur
112402113,Tagluno,,Davao,Davao Del Sur
112402114,Tagurano,,Davao,Davao Del Sur
112402115,Talandang,,Davao,Davao Del Sur
112402116,Talomo (Pob.),,Davao,Davao Del Sur
112402117,Talomo River,,Davao,Davao Del Sur
112402118,Tamayong,,Davao,Davao Del Sur
112402119,Tambobong,,Davao,Davao Del Sur
112402120,Tamugan,,Davao,Davao Del Sur
112402121,Tapak,,Davao,Davao Del Sur
112402122,Tawan-tawan,,Davao,Davao Del Sur
112402123,Tibuloy,,Davao,Davao Del Sur
112402124,Tibungco,,Davao,Davao Del Sur
112402125,Tigatto,,Davao,Davao Del Sur
112402126,Toril (Pob.),,Davao,Davao Del Sur
112402127,Tugbok (Pob.),,Davao,Davao Del Sur
112402128,Tungakalan,,Davao,Davao Del Sur
112402129,Ula,,Davao,Davao Del Sur
112402131,Wangan,,Davao,Davao Del Sur
112402133,Wines,,Davao,Davao Del Sur
112402134,Barangay 1-A (Pob.),,Davao,Davao Del Sur
112402135,Barangay 2-A (Pob.),,Davao,Davao Del Sur
112402136,Barangay 3-A (Pob.),,Davao,Davao Del Sur
112402137,Barangay 4-A (Pob.),,Davao,Davao Del Sur
112402138,Barangay 5-A (Pob.),,Davao,Davao Del Sur
112402139,Barangay 6-A (Pob.),,Davao,Davao Del Sur
112402140,Barangay 7-A (Pob.),,Davao,Davao Del Sur
112402141,Barangay 8-A (Pob.),,Davao,Davao Del Sur
112402142,Barangay 9-A (Pob.),,Davao,Davao Del Sur
112402143,Barangay 10-A (Pob.),,Davao,Davao Del Sur
112402144,Barangay 11-B (Pob.),,Davao,Davao Del Sur
112402145,Barangay 12-B (Pob.),,Davao,Davao Del Sur
112402146,Barangay 13-B (Pob.),,Davao,Davao Del Sur
112402147,Barangay 14-B (Pob.),,Davao,Davao Del Sur
112402148,Barangay 15-B (Pob.),,Davao,Davao Del Sur
112402149,Barangay 16-B (Pob.),,Davao,Davao Del Sur
112402150,Barangay 17-B (Pob.),,Davao,Davao Del Sur
112402151,Barangay 18-B (Pob.),,Davao,Davao Del Sur
112402152,Barangay 19-B (Pob.),,Davao,Davao Del Sur
112402153,Barangay 20-B (Pob.),,Davao,Davao Del Sur
112402154,Barangay 21-C (Pob.),,Davao,Davao Del Sur
112402155,Barangay 22-C (Pob.),,Davao,Davao Del Sur
112402156,Barangay 23-C (Pob.),,Davao,Davao Del Sur
112402157,Barangay 24-C (Pob.),,Davao,Davao Del Sur
112402158,Barangay 25-C (Pob.),,Davao,Davao Del Sur
112402159,Barangay 26-C (Pob.),,Davao,Davao Del Sur
112402160,Barangay 27-C (Pob.),,Davao,Davao Del Sur
112402161,Barangay 28-C (Pob.),,Davao,Davao Del Sur
112402162,Barangay 29-C (Pob.),,Davao,Davao Del Sur
112402163,Barangay 30-C (Pob.),,Davao,Davao Del Sur
112402164,Barangay 31-D (Pob.),,Davao,Davao Del Sur
112402165,Barangay 32-D (Pob.),,Davao,Davao Del Sur
112402166,Barangay 33-D (Pob.),,Davao,Davao Del Sur
112402167,Barangay 34-D (Pob.),,Davao,Davao Del Sur
112402168,Barangay 35-D (Pob.),,Davao,Davao Del Sur
112402169,Barangay 36-D (Pob.),,Davao,Davao Del Sur
112402170,Barangay 37-D (Pob.),,Davao,Davao Del Sur
112402171,Barangay 38-D (Pob.),,Davao,Davao Del Sur
112402172,Barangay 39-D (Pob.),,Davao,Davao Del Sur
112402173,Barangay 40-D (Pob.),,Davao,Davao Del Sur
112402174,Angalan,,Davao,Davao Del Sur
112402175,Baganihan,,Davao,Davao Del Sur
112402176,Bago Aplaya,,Davao,Davao Del Sur
112402177,Bantol,,Davao,Davao Del Sur
112402178,Buda,,Davao,Davao Del Sur
112402179,Centro (San Juan),,Davao,Davao Del Sur
112402180,Datu Salumay,,Davao,Davao Del Sur
112402181,Gov. Paciano Bangoy,,Davao,Davao Del Sur
112402182,Gov. Vicente Duterte,,Davao,Davao Del Sur
112402183,Gumitan,,Davao,Davao Del Sur
112402184,Inayangan,,Davao,Davao Del Sur
112402185,"Kap. Tomas Monteverde, Sr.",,Davao,Davao Del Sur
112402186,Lapu-lapu,,Davao,Davao Del Sur
112402187,"Leon Garcia, Sr.",,Davao,Davao Del Sur
112402188,Magsaysay,,Davao,Davao Del Sur
112402189,Megkawayan,,Davao,Davao Del Sur
112402190,Rafael Castillo,,Davao,Davao Del Sur
112402191,Saloy,,Davao,Davao Del Sur
112402192,San Antonio,,Davao,Davao Del Sur
112402193,Santo Niño,,Davao,Davao Del Sur
112402194,Ubalde,,Davao,Davao Del Sur
112402195,Waan,,Davao,Davao Del Sur
112402196,Wilfredo Aquino,,Davao,Davao Del Sur
112402197,Alfonso Angliongto Sr.,,Davao,Davao Del Sur
112402198,Vicente Hizon Sr.,,Davao,Davao Del Sur
112403000,CITY OF DIGOS,,,Davao Del Sur
112403001,Aplaya,,Digos,Davao Del Sur
112403002,Balabag,,Digos,Davao Del Sur
112403003,San Jose (Balutakay),,Digos,Davao Del Sur
112403004,Binaton,,Digos,Davao Del Sur
112403005,Cogon,,Digos,Davao Del Sur
112403006,Colorado,,Digos,Davao Del Sur
112403007,Dawis,,Digos,Davao Del Sur
112403008,Dulangan,,Digos,Davao Del Sur
112403009,Goma,,Digos,Davao Del Sur
112403010,Igpit,,Digos,Davao Del Sur
112403011,Kiagot,,Digos,Davao Del Sur
112403012,Lungag,,Digos,Davao Del Sur
112403013,Mahayahay,,Digos,Davao Del Sur
112403014,Matti,,Digos,Davao Del Sur
112403019,Kapatagan (Rizal),,Digos,Davao Del Sur
112403020,Ruparan,,Digos,Davao Del Sur
112403021,San Agustin,,Digos,Davao Del Sur
112403022,San Miguel (Odaca),,Digos,Davao Del Sur
112403023,San Roque,,Digos,Davao Del Sur
112403024,Sinawilan,,Digos,Davao Del Sur
112403025,Soong,,Digos,Davao Del Sur
112403026,Tiguman,,Digos,Davao Del Sur
112403027,Tres De Mayo,,Digos,Davao Del Sur
112403028,Zone 1 (Pob.),,Digos,Davao Del Sur
112403029,Zone 2 (Pob.),,Digos,Davao Del Sur
112403030,Zone 3 (Pob.),,Digos,Davao Del Sur
112404000,HAGONOY,,,Davao Del Sur
112404002,Balutakay,,Hagonoy,Davao Del Sur
112404005,Clib,,Hagonoy,Davao Del Sur
112404006,Guihing Aplaya,,Hagonoy,Davao Del Sur
112404007,Guihing,,Hagonoy,Davao Del Sur
112404008,Hagonoy Crossing,,Hagonoy,Davao Del Sur
112404009,Kibuaya,,Hagonoy,Davao Del Sur
112404010,La Union,,Hagonoy,Davao Del Sur
112404011,Lanuro,,Hagonoy,Davao Del Sur
112404012,Lapulabao,,Hagonoy,Davao Del Sur
112404013,Leling,,Hagonoy,Davao Del Sur
112404014,Mahayahay,,Hagonoy,Davao Del Sur
112404017,Malabang Damsite,,Hagonoy,Davao Del Sur
112404018,Maliit Digos,,Hagonoy,Davao Del Sur
112404019,New Quezon,,Hagonoy,Davao Del Sur
112404020,Paligue,,Hagonoy,Davao Del Sur
112404021,Poblacion,,Hagonoy,Davao Del Sur
112404022,Sacub,,Hagonoy,Davao Del Sur
112404023,San Guillermo,,Hagonoy,Davao Del Sur
112404024,San Isidro,,Hagonoy,Davao Del Sur
112404025,Sinayawan,,Hagonoy,Davao Del Sur
112404026,Tologan,,Hagonoy,Davao Del Sur
112406000,KIBLAWAN,,,Davao Del Sur
112406001,Abnate,,Kiblawan,Davao Del Sur
112406002,Bagong Negros,,Kiblawan,Davao Del Sur
112406003,Bagong Silang,,Kiblawan,Davao Del Sur
112406004,Bagumbayan,,Kiblawan,Davao Del Sur
112406005,Balasiao,,Kiblawan,Davao Del Sur
112406007,Bonifacio,,Kiblawan,Davao Del Sur
112406008,Bunot,,Kiblawan,Davao Del Sur
112406009,Cogon-Bacaca,,Kiblawan,Davao Del Sur
112406010,Dapok,,Kiblawan,Davao Del Sur
112406011,Ihan,,Kiblawan,Davao Del Sur
112406012,Kibongbong,,Kiblawan,Davao Del Sur
112406013,Kimlawis,,Kiblawan,Davao Del Sur
112406015,Kisulan,,Kiblawan,Davao Del Sur
112406016,Lati-an,,Kiblawan,Davao Del Sur
112406017,Manual,,Kiblawan,Davao Del Sur
112406018,Maraga-a,,Kiblawan,Davao Del Sur
112406019,Molopolo,,Kiblawan,Davao Del Sur
112406020,New Sibonga,,Kiblawan,Davao Del Sur
112406021,Panaglib,,Kiblawan,Davao Del Sur
112406022,Pasig,,Kiblawan,Davao Del Sur
112406023,Poblacion,,Kiblawan,Davao Del Sur
112406024,Pocaleel,,Kiblawan,Davao Del Sur
112406025,San Isidro,,Kiblawan,Davao Del Sur
112406026,San Jose,,Kiblawan,Davao Del Sur
112406027,San Pedro,,Kiblawan,Davao Del Sur
112406028,Santo Niño,,Kiblawan,Davao Del Sur
112406029,Tacub,,Kiblawan,Davao Del Sur
112406030,Tacul,,Kiblawan,Davao Del Sur
112406031,Waterfall,,Kiblawan,Davao Del Sur
112406032,Bulol-Salo,,Kiblawan,Davao Del Sur
112407000,MAGSAYSAY,,,Davao Del Sur
112407001,Bacungan,,Magsaysay,Davao Del Sur
112407002,Balnate,,Magsaysay,Davao Del Sur
112407003,Barayong,,Magsaysay,Davao Del Sur
112407004,Blocon,,Magsaysay,Davao Del Sur
112407005,Dalawinon,,Magsaysay,Davao Del Sur
112407006,Dalumay,,Magsaysay,Davao Del Sur
112407007,Glamang,,Magsaysay,Davao Del Sur
112407008,Kanapulo,,Magsaysay,Davao Del Sur
112407009,Kasuga,,Magsaysay,Davao Del Sur
112407010,Lower Bala,,Magsaysay,Davao Del Sur
112407011,Mabini,,Magsaysay,Davao Del Sur
112407012,Malawanit,,Magsaysay,Davao Del Sur
112407013,Malongon,,Magsaysay,Davao Del Sur
112407014,New Ilocos,,Magsaysay,Davao Del Sur
112407015,Poblacion,,Magsaysay,Davao Del Sur
112407016,San Isidro,,Magsaysay,Davao Del Sur
112407017,San Miguel,,Magsaysay,Davao Del Sur
112407018,Tacul,,Magsaysay,Davao Del Sur
112407019,Tagaytay,,Magsaysay,Davao Del Sur
112407020,Upper Bala,,Magsaysay,Davao Del Sur
112407021,Maibo,,Magsaysay,Davao Del Sur
112407022,New Opon,,Magsaysay,Davao Del Sur
112408000,MALALAG,,,Davao Del Sur
112408002,Baybay,,Malalag,Davao Del Sur
112408004,Bolton,,Malalag,Davao Del Sur
112408005,Bulacan,,Malalag,Davao Del Sur
112408006,Caputian,,Malalag,Davao Del Sur
112408007,Ibo,,Malalag,Davao Del Sur
112408009,Kiblagon,,Malalag,Davao Del Sur
112408010,Lapu-Lapu (Lapla),,Malalag,Davao Del Sur
112408011,Mabini,,Malalag,Davao Del Sur
112408014,New Baclayon,,Malalag,Davao Del Sur
112408015,Pitu,,Malalag,Davao Del Sur
112408016,Poblacion,,Malalag,Davao Del Sur
112408018,Tagansule,,Malalag,Davao Del Sur
112408019,Bagumbayan,,Malalag,Davao Del Sur
112408020,Rizal (Parame),,Malalag,Davao Del Sur
112408021,San Isidro,,Malalag,Davao Del Sur
112410000,MATANAO,,,Davao Del Sur
112410001,Asbang,,Matanao,Davao Del Sur
112410002,Asinan,,Matanao,Davao Del Sur
112410003,Bagumbayan,,Matanao,Davao Del Sur
112410004,Bangkal,,Matanao,Davao Del Sur
112410005,Buas,,Matanao,Davao Del Sur
112410006,Buri,,Matanao,Davao Del Sur
112410007,Camanchiles,,Matanao,Davao Del Sur
112410008,Ceboza,,Matanao,Davao Del Sur
112410009,Colonsabak,,Matanao,Davao Del Sur
112410010,Dongan-Pekong,,Matanao,Davao Del Sur
112410012,Kabasagan,,Matanao,Davao Del Sur
112410013,Kapok,,Matanao,Davao Del Sur
112410014,Kauswagan,,Matanao,Davao Del Sur
112410015,Kibao,,Matanao,Davao Del Sur
112410016,La Suerte,,Matanao,Davao Del Sur
112410017,Langa-an,,Matanao,Davao Del Sur
112410019,Lower Marber,,Matanao,Davao Del Sur
112410021,Cabligan (Managa),,Matanao,Davao Del Sur
112410022,Manga,,Matanao,Davao Del Sur
112410023,New Katipunan,,Matanao,Davao Del Sur
112410024,New Murcia,,Matanao,Davao Del Sur
112410025,New Visayas,,Matanao,Davao Del Sur
112410026,Poblacion,,Matanao,Davao Del Sur
112410027,Saboy,,Matanao,Davao Del Sur
112410028,San Jose,,Matanao,Davao Del Sur
112410029,San Miguel,,Matanao,Davao Del Sur
112410030,San Vicente,,Matanao,Davao Del Sur
112410031,Saub,,Matanao,Davao Del Sur
112410032,Sinaragan,,Matanao,Davao Del Sur
112410033,Sinawilan,,Matanao,Davao Del Sur
112410034,Tamlangon,,Matanao,Davao Del Sur
112410035,Towak,,Matanao,Davao Del Sur
112410036,Tibongbong,,Matanao,Davao Del Sur
112411000,PADADA,,,Davao Del Sur
112411001,Almendras (Pob.),,Padada,Davao Del Sur
112411002,"Don Sergio Osmeña, Sr.",,Padada,Davao Del Sur
112411003,Harada Butai,,Padada,Davao Del Sur
112411004,Lower Katipunan,,Padada,Davao Del Sur
112411005,Lower Limonzo,,Padada,Davao Del Sur
112411006,Lower Malinao,,Padada,Davao Del Sur
112411007,N C Ordaneza District (Pob.),,Padada,Davao Del Sur
112411008,Northern Paligue,,Padada,Davao Del Sur
112411009,Palili,,Padada,Davao Del Sur
112411010,Piape,,Padada,Davao Del Sur
112411011,Punta Piape,,Padada,Davao Del Sur
112411012,Quirino District (Pob.),,Padada,Davao Del Sur
112411013,San Isidro,,Padada,Davao Del Sur
112411014,Southern Paligue,,Padada,Davao Del Sur
112411015,Tulogan,,Padada,Davao Del Sur
112411016,Upper Limonzo,,Padada,Davao Del Sur
112411017,Upper Malinao,,Padada,Davao Del Sur
112412000,SANTA CRUZ,,,Davao Del Sur
112412001,Astorga,,Santa Cruz,Davao Del Sur
112412002,Bato,,Santa Cruz,Davao Del Sur
112412003,Coronon,,Santa Cruz,Davao Del Sur
112412004,Darong,,Santa Cruz,Davao Del Sur
112412005,Inawayan,,Santa Cruz,Davao Del Sur
112412006,Jose Rizal,,Santa Cruz,Davao Del Sur
112412009,Matutungan,,Santa Cruz,Davao Del Sur
112412010,Melilia,,Santa Cruz,Davao Del Sur
112412011,Zone I (Pob.),,Santa Cruz,Davao Del Sur
112412013,Saliducon,,Santa Cruz,Davao Del Sur
112412014,Sibulan,,Santa Cruz,Davao Del Sur
112412015,Sinoron,,Santa Cruz,Davao Del Sur
112412016,Tagabuli,,Santa Cruz,Davao Del Sur
112412017,Tibolo,,Santa Cruz,Davao Del Sur
112412018,Tuban,,Santa Cruz,Davao Del Sur
112412019,Zone II (Pob.),,Santa Cruz,Davao Del Sur
112412020,Zone III (Pob.),,Santa Cruz,Davao Del Sur
112412021,Zone IV (Pob.),,Santa Cruz,Davao Del Sur
112414000,SULOP,,,Davao Del Sur
112414001,Balasinon,,Sulop,Davao Del Sur
112414002,Buguis,,Sulop,Davao Del Sur
112414003,Carre,,Sulop,Davao Del Sur
112414004,Clib,,Sulop,Davao Del Sur
112414005,Harada Butai,,Sulop,Davao Del Sur
112414006,Katipunan,,Sulop,Davao Del Sur
112414007,Kiblagon,,Sulop,Davao Del Sur
112414008,Labon,,Sulop,Davao Del Sur
112414009,Laperas,,Sulop,Davao Del Sur
112414010,Lapla,,Sulop,Davao Del Sur
112414011,Litos,,Sulop,Davao Del Sur
112414012,Luparan,,Sulop,Davao Del Sur
112414013,Mckinley,,Sulop,Davao Del Sur
112414014,New Cebu,,Sulop,Davao Del Sur
112414015,Osmeña,,Sulop,Davao Del Sur
112414016,Palili,,Sulop,Davao Del Sur
112414017,Parame,,Sulop,Davao Del Sur
112414018,Poblacion,,Sulop,Davao Del Sur
112414020,Roxas,,Sulop,Davao Del Sur
112414021,Solongvale,,Sulop,Davao Del Sur
112414022,Tagolilong,,Sulop,Davao Del Sur
112414023,Tala-o,,Sulop,Davao Del Sur
112414024,Talas,,Sulop,Davao Del Sur
112414025,Tanwalang,,Sulop,Davao Del Sur
112414026,Waterfall,,Sulop,Davao Del Sur
126300000,SOUTH COTABATO,,,
126302000,BANGA,,,South Cotabato
126302002,Benitez (Pob.),,Banga,South Cotabato
126302003,Cabudian,,Banga,South Cotabato
126302004,Cabuling,,Banga,South Cotabato
126302005,Cinco (Barrio 5),,Banga,South Cotabato
126302006,Derilon,,Banga,South Cotabato
126302007,El Nonok,,Banga,South Cotabato
126302008,Improgo Village (Pob.),,Banga,South Cotabato
126302009,Kusan (Barrio 8),,Banga,South Cotabato
126302010,Lam-Apos,,Banga,South Cotabato
126302011,Lamba,,Banga,South Cotabato
126302012,Lambingi,,Banga,South Cotabato
126302013,Lampari,,Banga,South Cotabato
126302014,Liwanay (Barrio 1),,Banga,South Cotabato
126302015,Malaya (Barrio 9),,Banga,South Cotabato
126302016,Punong Grande (Barrio 2),,Banga,South Cotabato
126302017,Rang-ay (Barrio 4),,Banga,South Cotabato
126302018,Reyes (Pob.),,Banga,South Cotabato
126302019,Rizal (Barrio 3),,Banga,South Cotabato
126302020,Rizal Poblacion,,Banga,South Cotabato
126302021,San Jose (Barrio 7),,Banga,South Cotabato
126302022,San Vicente (Barrio 6),,Banga,South Cotabato
126302024,Yangco Poblacion,,Banga,South Cotabato
126303000,CITY OF GENERAL SANTOS (DADIANGAS),,,South Cotabato
126303003,Baluan,,General Santos,South Cotabato
126303004,Buayan,,General Santos,South Cotabato
126303005,Bula,,General Santos,South Cotabato
126303006,Conel,,General Santos,South Cotabato
126303007,Dadiangas East (Pob.),,General Santos,South Cotabato
126303009,Katangawan,,General Santos,South Cotabato
126303011,Lagao (1st & 3rd),,General Santos,South Cotabato
126303012,Labangal,,General Santos,South Cotabato
126303015,Ligaya,,General Santos,South Cotabato
126303016,Mabuhay,,General Santos,South Cotabato
126303023,San Isidro (Lagao 2nd),,General Santos,South Cotabato
126303024,San Jose,,General Santos,South Cotabato
126303026,Sinawal,,General Santos,South Cotabato
126303027,Tambler,,General Santos,South Cotabato
126303028,Tinagacan,,General Santos,South Cotabato
126303029,Apopong,,General Santos,South Cotabato
126303030,Siguel,,General Santos,South Cotabato
126303031,Upper Labay,,General Santos,South Cotabato
126303032,Batomelong,,General Santos,South Cotabato
126303033,Calumpang,,General Santos,South Cotabato
126303034,City Heights,,General Santos,South Cotabato
126303035,Dadiangas North,,General Santos,South Cotabato
126303036,Dadiangas South,,General Santos,South Cotabato
126303037,Dadiangas West,,General Santos,South Cotabato
126303038,Fatima,,General Santos,South Cotabato
126303039,Olympog,,General Santos,South Cotabato
126306000,CITY OF KORONADAL (Capital),,,South Cotabato
126306001,Assumption (Bulol),,Koronadal,South Cotabato
126306002,Avanceña (Bo. 3),,Koronadal,South Cotabato
126306003,Cacub,,Koronadal,South Cotabato
126306004,Caloocan,,Koronadal,South Cotabato
126306005,Carpenter Hill,,Koronadal,South Cotabato
126306006,Concepcion (Bo. 6),,Koronadal,South Cotabato
126306007,Esperanza,,Koronadal,South Cotabato
126306008,General Paulino Santos (Bo. 1),,Koronadal,South Cotabato
126306009,Mabini,,Koronadal,South Cotabato
126306010,Magsaysay,,Koronadal,South Cotabato
126306011,Mambucal,,Koronadal,South Cotabato
126306012,Morales,,Koronadal,South Cotabato
126306013,Namnama,,Koronadal,South Cotabato
126306014,New Pangasinan (Bo. 4),,Koronadal,South Cotabato
126306015,Paraiso,,Koronadal,South Cotabato
126306016,Zone I (Pob.),,Koronadal,South Cotabato
126306017,Zone II (Pob.),,Koronadal,South Cotabato
126306018,Zone III (Pob.),,Koronadal,South Cotabato
126306019,Zone IV (Pob.),,Koronadal,South Cotabato
126306020,Rotonda,,Koronadal,South Cotabato
126306021,San Isidro,,Koronadal,South Cotabato
126306022,San Jose (Bo. 5),,Koronadal,South Cotabato
126306023,San Roque,,Koronadal,South Cotabato
126306024,Santa Cruz,,Koronadal,South Cotabato
126306025,Santo Niño (Bo. 2),,Koronadal,South Cotabato
126306026,Sarabia (Bo. 8),,Koronadal,South Cotabato
126306027,Zulueta (Bo. 7),,Koronadal,South Cotabato
126311000,NORALA,,,South Cotabato
126311002,Dumaguil,,Norala,South Cotabato
126311003,Esperanza,,Norala,South Cotabato
126311006,Kibid,,Norala,South Cotabato
126311007,Lapuz,,Norala,South Cotabato
126311008,Liberty,,Norala,South Cotabato
126311009,Lopez Jaena,,Norala,South Cotabato
126311011,Matapol,,Norala,South Cotabato
126311013,Poblacion,,Norala,South Cotabato
126311014,Puti,,Norala,South Cotabato
126311016,San Jose,,Norala,South Cotabato
126311017,San Miguel,,Norala,South Cotabato
126311020,Simsiman,,Norala,South Cotabato
126311021,Tinago,,Norala,South Cotabato
126311022,"Benigno Aquino, Jr.",,Norala,South Cotabato
126312000,POLOMOLOK,,,South Cotabato
126312001,Bentung,,Polomolok,South Cotabato
126312002,Crossing Palkan,,Polomolok,South Cotabato
126312003,Glamang,,Polomolok,South Cotabato
126312004,Kinilis,,Polomolok,South Cotabato
126312005,Klinan 6,,Polomolok,South Cotabato
126312006,Koronadal Proper,,Polomolok,South Cotabato
126312007,Lam-Caliaf,,Polomolok,South Cotabato
126312008,Landan,,Polomolok,South Cotabato
126312009,Lumakil,,Polomolok,South Cotabato
126312011,Maligo,,Polomolok,South Cotabato
126312013,Palkan,,Polomolok,South Cotabato
126312014,Poblacion,,Polomolok,South Cotabato
126312015,Polo,,Polomolok,South Cotabato
126312016,Magsaysay,,Polomolok,South Cotabato
126312017,Rubber,,Polomolok,South Cotabato
126312018,Silway 7,,Polomolok,South Cotabato
126312019,Silway 8,,Polomolok,South Cotabato
126312020,Sulit,,Polomolok,South Cotabato
126312021,Sumbakil,,Polomolok,South Cotabato
126312022,Upper Klinan,,Polomolok,South Cotabato
126312023,Lapu,,Polomolok,South Cotabato
126312024,Cannery Site,,Polomolok,South Cotabato
126312025,Pagalungan,,Polomolok,South Cotabato
126313000,SURALLAH,,,South Cotabato
126313002,Buenavista,,Surallah,South Cotabato
126313003,Centrala,,Surallah,South Cotabato
126313004,Colongulo,,Surallah,South Cotabato
126313005,Dajay,,Surallah,South Cotabato
126313006,Duengas,,Surallah,South Cotabato
126313008,Canahay (Godwino),,Surallah,South Cotabato
126313014,Lambontong,,Surallah,South Cotabato
126313017,Lamian,,Surallah,South Cotabato
126313018,Lamsugod,,Surallah,South Cotabato
126313019,Libertad (Pob.),,Surallah,South Cotabato
126313020,Little Baguio,,Surallah,South Cotabato
126313023,Moloy,,Surallah,South Cotabato
126313024,Naci (Doce),,Surallah,South Cotabato
126313028,Talahik,,Surallah,South Cotabato
126313030,Tubiala,,Surallah,South Cotabato
126313031,Upper Sepaka,,Surallah,South Cotabato
126313032,Veterans,,Surallah,South Cotabato
126314000,TAMPAKAN,,,South Cotabato
126314001,Albagan,,Tampakan,South Cotabato
126314002,Kipalbig,,Tampakan,South Cotabato
126314003,Lambayong,,Tampakan,South Cotabato
126314004,Liberty,,Tampakan,South Cotabato
126314005,Maltana,,Tampakan,South Cotabato
126314006,Poblacion,,Tampakan,South Cotabato
126314007,Tablu,,Tampakan,South Cotabato
126314008,Buto,,Tampakan,South Cotabato
126314009,Lampitak,,Tampakan,South Cotabato
126314010,Palo,,Tampakan,South Cotabato
126314011,Pula-bato,,Tampakan,South Cotabato
126314012,Danlag,,Tampakan,South Cotabato
126314013,San Isidro,,Tampakan,South Cotabato
126314014,Santa Cruz,,Tampakan,South Cotabato
126315000,TANTANGAN,,,South Cotabato
126315001,Bukay Pait,,Tantangan,South Cotabato
126315002,Cabuling,,Tantangan,South Cotabato
126315003,Dumadalig,,Tantangan,South Cotabato
126315004,Libas,,Tantangan,South Cotabato
126315005,Magon,,Tantangan,South Cotabato
126315006,Maibo,,Tantangan,South Cotabato
126315007,Mangilala,,Tantangan,South Cotabato
126315008,New Iloilo,,Tantangan,South Cotabato
126315009,New Lambunao,,Tantangan,South Cotabato
126315010,Poblacion,,Tantangan,South Cotabato
126315011,San Felipe,,Tantangan,South Cotabato
126315012,New Cuyapo,,Tantangan,South Cotabato
126315013,Tinongcop,,Tantangan,South Cotabato
126316000,T'BOLI,,,South Cotabato
126316001,Basag,,T’Boli,South Cotabato
126316002,Edwards (Pob.),,T’Boli,South Cotabato
126316004,Kematu,,T’Boli,South Cotabato
126316005,Laconon,,T’Boli,South Cotabato
126316008,Lamsalome,,T’Boli,South Cotabato
126316011,New Dumangas,,T’Boli,South Cotabato
126316012,Sinolon,,T’Boli,South Cotabato
126316014,Lambangan,,T’Boli,South Cotabato
126316016,Maan,,T’Boli,South Cotabato
126316017,Afus,,T’Boli,South Cotabato
126316018,Lambuling,,T’Boli,South Cotabato
126316019,Lamhako,,T’Boli,South Cotabato
126316020,Poblacion,,T’Boli,South Cotabato
126316021,Talcon,,T’Boli,South Cotabato
126316022,Talufo,,T’Boli,South Cotabato
126316023,Tudok,,T’Boli,South Cotabato
126316024,Aflek,,T’Boli,South Cotabato
126316025,Datal Bob,,T’Boli,South Cotabato
126316026,Desawo,,T’Boli,South Cotabato
126316027,Dlanag,,T’Boli,South Cotabato
126316028,Lemsnolon,,T’Boli,South Cotabato
126316029,Malugong,,T’Boli,South Cotabato
126316030,Mongocayo,,T’Boli,South Cotabato
126316031,Salacafe,,T’Boli,South Cotabato
126316032,T'bolok,,T’Boli,South Cotabato
126317000,TUPI,,,South Cotabato
126317001,Acmonan,,Tupi,South Cotabato
126317002,Bololmala,,Tupi,South Cotabato
126317003,Bunao,,Tupi,South Cotabato
126317004,Cebuano,,Tupi,South Cotabato
126317005,Crossing Rubber,,Tupi,South Cotabato
126317006,Kablon,,Tupi,South Cotabato
126317007,Kalkam,,Tupi,South Cotabato
126317009,Linan,,Tupi,South Cotabato
126317010,Lunen,,Tupi,South Cotabato
126317011,Miasong,,Tupi,South Cotabato
126317012,Palian,,Tupi,South Cotabato
126317013,Poblacion,,Tupi,South Cotabato
126317014,Polonuling,,Tupi,South Cotabato
126317015,Simbo,,Tupi,South Cotabato
126317016,Tubeng,,Tupi,South Cotabato
126318000,SANTO NIÑO,,,South Cotabato
126318001,Ambalgan,,Santo Nino,South Cotabato
126318002,Guinsang-an,,Santo Nino,South Cotabato
126318003,Katipunan,,Santo Nino,South Cotabato
126318004,Manuel Roxas,,Santo Nino,South Cotabato
126318005,Panay,,Santo Nino,South Cotabato
126318006,Poblacion,,Santo Nino,South Cotabato
126318007,San Isidro,,Santo Nino,South Cotabato
126318008,San Vicente,,Santo Nino,South Cotabato
126318009,Teresita,,Santo Nino,South Cotabato
126318010,Sajaneba,,Santo Nino,South Cotabato
126319000,LAKE SEBU,,,South Cotabato
126319001,Bacdulong,,Lake Sebu,South Cotabato
126319002,Denlag,,Lake Sebu,South Cotabato
126319003,Halilan,,Lake Sebu,South Cotabato
126319004,Hanoon,,Lake Sebu,South Cotabato
126319005,Klubi,,Lake Sebu,South Cotabato
126319006,Lake Lahit,,Lake Sebu,South Cotabato
126319007,Lamcade,,Lake Sebu,South Cotabato
126319008,Lamdalag,,Lake Sebu,South Cotabato
126319009,Lamfugon,,Lake Sebu,South Cotabato
126319010,Lamlahak,,Lake Sebu,South Cotabato
126319011,Lower Maculan,,Lake Sebu,South Cotabato
126319012,Luhib,,Lake Sebu,South Cotabato
126319013,Ned,,Lake Sebu,South Cotabato
126319014,Poblacion,,Lake Sebu,South Cotabato
126319015,Siluton,,Lake Sebu,South Cotabato
126319016,Talisay,,Lake Sebu,South Cotabato
126319017,Takunel,,Lake Sebu,South Cotabato
126319018,Upper Maculan,,Lake Sebu,South Cotabato
126319019,Tasiman,,Lake Sebu,South Cotabato
128000000,SARANGANI,,,
128001000,ALABEL,,,Sarangani
128001001,Alegria,,Alabel,Sarangani
128001002,Bagacay,,Alabel,Sarangani
128001003,Baluntay,,Alabel,Sarangani
128001004,Datal Anggas,,Alabel,Sarangani
128001005,Domolok,,Alabel,Sarangani
128001006,Kawas,,Alabel,Sarangani
128001007,Maribulan,,Alabel,Sarangani
128001008,Pag-Asa,,Alabel,Sarangani
128001009,Paraiso,,Alabel,Sarangani
128001010,Poblacion (Alabel),,Alabel,Sarangani
128001011,Spring,,Alabel,Sarangani
128001012,Tokawal,,Alabel,Sarangani
128001013,Ladol,,Alabel,Sarangani
128002000,GLAN,,,Sarangani
128002001,Baliton,,Glan,Sarangani
128002002,Batotuling,,Glan,Sarangani
128002003,Batulaki,,Glan,Sarangani
128002004,Big Margus,,Glan,Sarangani
128002005,Burias,,Glan,Sarangani
128002006,Cablalan,,Glan,Sarangani
128002007,Calabanit,,Glan,Sarangani
128002008,Calpidong,,Glan,Sarangani
128002009,Congan,,Glan,Sarangani
128002010,Cross,,Glan,Sarangani
128002011,Datalbukay,,Glan,Sarangani
128002012,E. Alegado,,Glan,Sarangani
128002013,Glan Padidu,,Glan,Sarangani
128002014,Gumasa,,Glan,Sarangani
128002015,Ilaya,,Glan,Sarangani
128002016,Kaltuad,,Glan,Sarangani
128002017,Kapatan,,Glan,Sarangani
128002018,Lago,,Glan,Sarangani
128002019,Laguimit,,Glan,Sarangani
128002020,Mudan,,Glan,Sarangani
128002021,New Aklan,,Glan,Sarangani
128002022,Pangyan,,Glan,Sarangani
128002023,Poblacion,,Glan,Sarangani
128002024,Rio Del Pilar,,Glan,Sarangani
128002025,San Jose,,Glan,Sarangani
128002026,San Vicente,,Glan,Sarangani
128002027,Small Margus,,Glan,Sarangani
128002028,Sufatubo,,Glan,Sarangani
128002029,Taluya,,Glan,Sarangani
128002030,Tango,,Glan,Sarangani
128002031,Tapon,,Glan,Sarangani
128003000,KIAMBA,,,Sarangani
128003001,Badtasan,,Kiamba,Sarangani
128003002,Datu Dani,,Kiamba,Sarangani
128003003,Gasi,,Kiamba,Sarangani
128003004,Kapate,,Kiamba,Sarangani
128003005,Katubao,,Kiamba,Sarangani
128003006,Kayupo,,Kiamba,Sarangani
128003007,Kling (Lumit),,Kiamba,Sarangani
128003008,Lagundi,,Kiamba,Sarangani
128003009,Lebe,,Kiamba,Sarangani
128003010,Lomuyon,,Kiamba,Sarangani
128003011,Luma,,Kiamba,Sarangani
128003012,Maligang,,Kiamba,Sarangani
128003013,Nalus,,Kiamba,Sarangani
128003014,Poblacion,,Kiamba,Sarangani
128003015,Salakit,,Kiamba,Sarangani
128003016,Suli,,Kiamba,Sarangani
128003017,Tablao,,Kiamba,Sarangani
128003018,Tamadang,,Kiamba,Sarangani
128003019,Tambilil,,Kiamba,Sarangani
128004000,MAASIM,,,Sarangani
128004001,Amsipit,,Maasim,Sarangani
128004002,Bales,,Maasim,Sarangani
128004003,Colon,,Maasim,Sarangani
128004004,Daliao,,Maasim,Sarangani
128004005,Kabatiol,,Maasim,Sarangani
128004006,Kablacan,,Maasim,Sarangani
128004007,Kamanga,,Maasim,Sarangani
128004008,Kanalo,,Maasim,Sarangani
128004009,Lumasal,,Maasim,Sarangani
128004010,Lumatil,,Maasim,Sarangani
128004011,Malbang,,Maasim,Sarangani
128004012,Nomoh,,Maasim,Sarangani
128004013,Pananag,,Maasim,Sarangani
128004014,Poblacion (Maasim),,Maasim,Sarangani
128004015,Seven Hills,,Maasim,Sarangani
128004016,Tinoto,,Maasim,Sarangani
128005000,MAITUM,,,Sarangani
128005001,Bati-an,,Maitum,Sarangani
128005002,Kalaneg,,Maitum,Sarangani
128005003,Kalaong,,Maitum,Sarangani
128005004,Kiambing,,Maitum,Sarangani
128005005,Kiayap,,Maitum,Sarangani
128005006,Mabay,,Maitum,Sarangani
128005007,Maguling,,Maitum,Sarangani
128005008,Malalag (Pob.),,Maitum,Sarangani
128005009,Mindupok,,Maitum,Sarangani
128005010,New La Union,,Maitum,Sarangani
128005011,Old Poblacion (Maitum),,Maitum,Sarangani
128005012,Pangi (Linao),,Maitum,Sarangani
128005013,Pinol,,Maitum,Sarangani
128005014,Sison (Edenton),,Maitum,Sarangani
128005015,Ticulab,,Maitum,Sarangani
128005016,Tuanadatu,,Maitum,Sarangani
128005017,Upo (Lanao),,Maitum,Sarangani
128005018,Wali (Kambuhan),,Maitum,Sarangani
128005019,Zion,,Maitum,Sarangani
128006000,MALAPATAN,,,Sarangani
128006001,Daan Suyan,,Malapatan,Sarangani
128006002,Kihan,,Malapatan,Sarangani
128006003,Kinam,,Malapatan,Sarangani
128006004,Libi,,Malapatan,Sarangani
128006005,Lun Masla,,Malapatan,Sarangani
128006006,Lun Padidu,,Malapatan,Sarangani
128006007,Patag,,Malapatan,Sarangani
128006008,Poblacion (Malapatan),,Malapatan,Sarangani
128006009,Sapu Masla,,Malapatan,Sarangani
128006010,Sapu Padidu,,Malapatan,Sarangani
128006011,Tuyan,,Malapatan,Sarangani
128006012,Upper Suyan,,Malapatan,Sarangani
128007000,MALUNGON,,,Sarangani
128007001,Alkikan,,Malungon,Sarangani
128007002,Ampon,,Malungon,Sarangani
128007003,Atlae,,Malungon,Sarangani
128007004,Banahaw,,Malungon,Sarangani
128007005,Banate,,Malungon,Sarangani
128007006,B'Laan,,Malungon,Sarangani
128007007,Datal Batong,,Malungon,Sarangani
128007008,Datal Bila,,Malungon,Sarangani
128007009,Datal Tampal,,Malungon,Sarangani
128007010,J.P. Laurel,,Malungon,Sarangani
128007011,Kawayan,,Malungon,Sarangani
128007012,Kibala,,Malungon,Sarangani
128007013,Kiblat,,Malungon,Sarangani
128007014,Kinabalan,,Malungon,Sarangani
128007015,Lower Mainit,,Malungon,Sarangani
128007016,Lutay,,Malungon,Sarangani
128007017,Malabod,,Malungon,Sarangani
128007018,Malalag Cogon,,Malungon,Sarangani
128007019,Malandag,,Malungon,Sarangani
128007020,Malungon Gamay,,Malungon,Sarangani
128007021,Nagpan,,Malungon,Sarangani
128007022,Panamin,,Malungon,Sarangani
128007023,Poblacion,,Malungon,Sarangani
128007024,San Juan,,Malungon,Sarangani
128007025,San Miguel,,Malungon,Sarangani
128007026,San Roque,,Malungon,Sarangani
128007027,Talus,,Malungon,Sarangani
128007028,Tamban,,Malungon,Sarangani
128007029,Upper Biangan,,Malungon,Sarangani
128007030,Upper Lumabat,,Malungon,Sarangani
128007031,Upper Mainit,,Malungon,Sarangani
