code,name,submun,city,province
120000000,REGION XII (SOCCSKSARGEN),,,
124700000,COTABATO (NORTH COTABATO),,,
124701000,ALAMADA,,,Cotabato
124701001,Bao,,Alamada,Cotabato
124701002,Barangiran,,Alamada,Cotabato
124701003,Camansi,,Alamada,Cotabato
124701004,Dado,,Alamada,Cotabato
124701005,Guiling,,Alamada,Cotabato
124701006,Kitacubong (Pob.),,Alamada,Cotabato
124701007,Macabasa,,Alamada,Cotabato
124701008,Malitubog,,Alamada,Cotabato
124701009,Mapurok,,Alamada,Cotabato
124701010,Pacao,,Alamada,Cotabato
124701011,Paruayan,,Alamada,Cotabato
124701012,Pigcawaran,,Alamada,Cotabato
124701013,Polayagan,,Alamada,Cotabato
124701014,Rangayen,,Alamada,Cotabato
124701015,Lower Dado,,Alamada,Cotabato
124701016,Mirasol,,Alamada,Cotabato
124701017,Raradangan,,Alamada,Cotabato
124702000,CARMEN,,,Cotabato
124702001,Aroman,,Carmen,Cotabato
124702003,Bentangan,,Carmen,Cotabato
124702005,Cadiis,,Carmen,Cotabato
124702007,General Luna,,Carmen,Cotabato
124702008,Katanayanan,,Carmen,Cotabato
124702010,Kib-Ayao,,Carmen,Cotabato
124702011,Kibenes,,Carmen,Cotabato
124702012,Kibugtongan,,Carmen,Cotabato
124702013,Kilala,,Carmen,Cotabato
124702014,Kimadzil,,Carmen,Cotabato
124702015,Kitulaan,,Carmen,Cotabato
124702016,Langogan,,Carmen,Cotabato
124702017,Lanoon,,Carmen,Cotabato
124702019,Liliongan,,Carmen,Cotabato
124702020,Ugalingan (Lumayong),,Carmen,Cotabato
124702021,Macabenban,,Carmen,Cotabato
124702022,Malapag,,Carmen,Cotabato
124702024,Manarapan,,Carmen,Cotabato
124702025,Manili,,Carmen,Cotabato
124702027,Nasapian,,Carmen,Cotabato
124702028,Palanggalan,,Carmen,Cotabato
124702030,Pebpoloan,,Carmen,Cotabato
124702032,Poblacion,,Carmen,Cotabato
124702034,Ranzo,,Carmen,Cotabato
124702035,Tacupan,,Carmen,Cotabato
124702036,Tambad,,Carmen,Cotabato
124702037,Tonganon,,Carmen,Cotabato
124702039,Tupig,,Carmen,Cotabato
124703000,KABACAN,,,Cotabato
124703001,Aringay,,Kabacan,Cotabato
124703002,Bangilan,,Kabacan,Cotabato
124703003,Bannawag,,Kabacan,Cotabato
124703004,Buluan,,Kabacan,Cotabato
124703005,Cuyapon,,Kabacan,Cotabato
124703006,Dagupan,,Kabacan,Cotabato
124703007,Katidtuan,,Kabacan,Cotabato
124703008,Kayaga,,Kabacan,Cotabato
124703009,Kilagasan,,Kabacan,Cotabato
124703010,Magatos,,Kabacan,Cotabato
124703011,Malamote,,Kabacan,Cotabato
124703012,Malanduague,,Kabacan,Cotabato
124703013,Nanga-an,,Kabacan,Cotabato
124703014,Osias,,Kabacan,Cotabato
124703015,Paatan Lower,,Kabacan,Cotabato
124703016,Paatan Upper,,Kabacan,Cotabato
124703017,Pedtad,,Kabacan,Cotabato
124703018,Pisan,,Kabacan,Cotabato
124703019,Poblacion,,Kabacan,Cotabato
124703020,Salapungan,,Kabacan,Cotabato
124703021,Sanggadong,,Kabacan,Cotabato
124703022,Simbuhay,,Kabacan,Cotabato
124703023,Simone,,Kabacan,Cotabato
124703024,Tamped,,Kabacan,Cotabato
124704000,CITY OF KIDAPAWAN,,,Cotabato
124704001,Amas,,Kidapawan,Cotabato
124704002,Amazion,,Kidapawan,Cotabato
124704003,Balabag,,Kidapawan,Cotabato
124704004,Balindog,,Kidapawan,Cotabato
124704005,Benoligan,,Kidapawan,Cotabato
124704006,Berada,,Kidapawan,Cotabato
124704007,Gayola,,Kidapawan,Cotabato
124704008,Ginatilan,,Kidapawan,Cotabato
124704009,Ilomavis,,Kidapawan,Cotabato
124704010,Indangan,,Kidapawan,Cotabato
124704011,Junction,,Kidapawan,Cotabato
124704012,Kalaisan,,Kidapawan,Cotabato
124704013,Kalasuyan,,Kidapawan,Cotabato
124704014,Katipunan,,Kidapawan,Cotabato
124704015,Lanao,,Kidapawan,Cotabato
124704016,Linangcob,,Kidapawan,Cotabato
124704017,Luvimin,,Kidapawan,Cotabato
124704018,Macabolig,,Kidapawan,Cotabato
124704020,Malinan,,Kidapawan,Cotabato
124704021,Manongol,,Kidapawan,Cotabato
124704022,Marbel (Embac),,Kidapawan,Cotabato
124704023,Mateo,,Kidapawan,Cotabato
124704024,Meochao,,Kidapawan,Cotabato
124704025,Mua-an,,Kidapawan,Cotabato
124704026,New Bohol,,Kidapawan,Cotabato
124704027,Nuangan,,Kidapawan,Cotabato
124704028,Onica,,Kidapawan,Cotabato
124704029,Paco,,Kidapawan,Cotabato
124704030,Patadon (Patadon East),,Kidapawan,Cotabato
124704031,Perez,,Kidapawan,Cotabato
124704032,Poblacion,,Kidapawan,Cotabato
124704033,San Isidro,,Kidapawan,Cotabato
124704034,San Roque,,Kidapawan,Cotabato
124704035,Santo Niño,,Kidapawan,Cotabato
124704036,Sibawan,,Kidapawan,Cotabato
124704037,Sikitan,,Kidapawan,Cotabato
124704038,Singao,,Kidapawan,Cotabato
124704039,Sudapin,,Kidapawan,Cotabato
124704040,Sumbao,,Kidapawan,Cotabato
124704041,Magsaysay,,Kidapawan,Cotabato
124705000,LIBUNGAN,,,Cotabato
124705001,Abaga,,Libungan,Cotabato
124705003,Baguer,,Libungan,Cotabato
124705004,Barongis,,Libungan,Cotabato
124705005,Batiocan,,Libungan,Cotabato
124705006,Cabaruyan,,Libungan,Cotabato
124705007,Cabpangi,,Libungan,Cotabato
124705010,Demapaco,,Libungan,Cotabato
124705011,Grebona,,Libungan,Cotabato
124705013,Gumaga,,Libungan,Cotabato
124705014,Kapayawi,,Libungan,Cotabato
124705015,Kiloyao,,Libungan,Cotabato
124705017,Kitubod,,Libungan,Cotabato
124705019,Malengen,,Libungan,Cotabato
124705023,Montay,,Libungan,Cotabato
124705024,Nica-an,,Libungan,Cotabato
124705025,Palao,,Libungan,Cotabato
124705029,Poblacion,,Libungan,Cotabato
124705032,Sinapangan,,Libungan,Cotabato
124705033,Sinawingan,,Libungan,Cotabato
124705034,Ulamian,,Libungan,Cotabato
124706000,MAGPET,,,Cotabato
124706001,Alibayon,,Magpet,Cotabato
124706005,Bagumbayan,,Magpet,Cotabato
124706006,Bangkal,,Magpet,Cotabato
124706007,Bantac,,Magpet,Cotabato
124706008,Basak,,Magpet,Cotabato
124706009,Binay,,Magpet,Cotabato
124706010,Bongolanon,,Magpet,Cotabato
124706014,Datu Celo,,Magpet,Cotabato
124706015,Del Pilar,,Magpet,Cotabato
124706016,Doles,,Magpet,Cotabato
124706021,Gubatan,,Magpet,Cotabato
124706022,Ilian,,Magpet,Cotabato
124706023,Inac,,Magpet,Cotabato
124706024,Kamada,,Magpet,Cotabato
124706026,Kauswagan,,Magpet,Cotabato
124706027,Kisandal,,Magpet,Cotabato
124706029,Magcaalam,,Magpet,Cotabato
124706030,Mahongcog,,Magpet,Cotabato
124706033,Manobo,,Magpet,Cotabato
124706037,Noa,,Magpet,Cotabato
124706038,Owas,,Magpet,Cotabato
124706039,Pangao-an,,Magpet,Cotabato
124706040,Poblacion,,Magpet,Cotabato
124706042,Sallab,,Magpet,Cotabato
124706043,Tagbac,,Magpet,Cotabato
124706044,Temporan,,Magpet,Cotabato
124706048,Amabel,,Magpet,Cotabato
124706049,Balete,,Magpet,Cotabato
124706050,Don Panaca,,Magpet,Cotabato
124706051,Imamaling,,Magpet,Cotabato
124706052,Kinarum,,Magpet,Cotabato
124706053,Manobisa,,Magpet,Cotabato
124707000,MAKILALA,,,Cotabato
124707001,Batasan,,Makilala,Cotabato
124707002,Bato,,Makilala,Cotabato
124707003,Biangan,,Makilala,Cotabato
124707004,Buena Vida,,Makilala,Cotabato
124707005,Buhay,,Makilala,Cotabato
124707006,Bulakanon,,Makilala,Cotabato
124707007,Cabilao,,Makilala,Cotabato
124707008,Concepcion,,Makilala,Cotabato
124707009,Dagupan,,Makilala,Cotabato
124707010,Garsika,,Makilala,Cotabato
124707011,Guangan,,Makilala,Cotabato
124707012,Indangan,,Makilala,Cotabato
124707013,Jose Rizal,,Makilala,Cotabato
124707014,Katipunan II,,Makilala,Cotabato
124707015,Kawayanon,,Makilala,Cotabato
124707016,Kisante,,Makilala,Cotabato
124707017,Leboce,,Makilala,Cotabato
124707018,Libertad,,Makilala,Cotabato
124707019,Luayon,,Makilala,Cotabato
124707020,Luna Norte,,Makilala,Cotabato
124707021,Luna Sur,,Makilala,Cotabato
124707022,Malabuan,,Makilala,Cotabato
124707023,Malasila,,Makilala,Cotabato
124707024,Malungon,,Makilala,Cotabato
124707025,New Baguio,,Makilala,Cotabato
124707026,New Bulatukan,,Makilala,Cotabato
124707027,New Cebu,,Makilala,Cotabato
124707028,Old Bulatukan,,Makilala,Cotabato
124707029,Poblacion,,Makilala,Cotabato
124707030,Rodero,,Makilala,Cotabato
124707031,Saguing,,Makilala,Cotabato
124707032,San Vicente,,Makilala,Cotabato
124707033,Santa Felomina,,Makilala,Cotabato
124707034,Santo Niño,,Makilala,Cotabato
124707035,Sinkatulan,,Makilala,Cotabato
124707036,Taluntalunan,,Makilala,Cotabato
124707037,Villaflores,,Makilala,Cotabato
124707038,New Israel,,Makilala,Cotabato
124708000,MATALAM,,,Cotabato
124708001,New Alimodian,,Matalam,Cotabato
124708003,Arakan,,Matalam,Cotabato
124708004,Bangbang,,Matalam,Cotabato
124708005,Bato,,Matalam,Cotabato
124708006,Central Malamote,,Matalam,Cotabato
124708007,Dalapitan,,Matalam,Cotabato
124708008,Estado,,Matalam,Cotabato
124708009,Ilian,,Matalam,Cotabato
124708010,Kabulacan,,Matalam,Cotabato
124708012,Kibia,,Matalam,Cotabato
124708013,Kibudoc,,Matalam,Cotabato
124708014,Kidama,,Matalam,Cotabato
124708015,Kilada,,Matalam,Cotabato
124708017,Lampayan,,Matalam,Cotabato
124708018,Latagan,,Matalam,Cotabato
124708019,Linao,,Matalam,Cotabato
124708020,Lower Malamote,,Matalam,Cotabato
124708025,Manubuan,,Matalam,Cotabato
124708026,Manupal,,Matalam,Cotabato
124708027,Marbel,,Matalam,Cotabato
124708028,Minamaing,,Matalam,Cotabato
124708029,Natutungan,,Matalam,Cotabato
124708030,New Bugasong,,Matalam,Cotabato
124708031,New Pandan,,Matalam,Cotabato
124708033,Patadon West,,Matalam,Cotabato
124708034,Poblacion,,Matalam,Cotabato
124708035,Salvacion,,Matalam,Cotabato
124708036,Santa Maria,,Matalam,Cotabato
124708037,Sarayan,,Matalam,Cotabato
124708038,Taculen,,Matalam,Cotabato
124708039,Taguranao,,Matalam,Cotabato
124708040,Tamped (Tampad),,Matalam,Cotabato
124708041,New Abra,,Matalam,Cotabato
124708042,Pinamaton,,Matalam,Cotabato
124709000,MIDSAYAP,,,Cotabato
124709002,Agriculture,,Midsayap,Cotabato
124709003,Anonang,,Midsayap,Cotabato
124709004,Arizona,,Midsayap,Cotabato
124709005,Bagumba,,Midsayap,Cotabato
124709006,Baliki,,Midsayap,Cotabato
124709007,Bitoka,,Midsayap,Cotabato
124709008,Bual Norte,,Midsayap,Cotabato
124709009,Bual Sur,,Midsayap,Cotabato
124709010,Central Bulanan,,Midsayap,Cotabato
124709011,Damatulan,,Midsayap,Cotabato
124709012,Central Glad,,Midsayap,Cotabato
124709013,Ilbocean,,Midsayap,Cotabato
124709014,Kadigasan,,Midsayap,Cotabato
124709015,Kadingilan,,Midsayap,Cotabato
124709016,Kapinpilan,,Midsayap,Cotabato
124709017,Central Katingawan,,Midsayap,Cotabato
124709018,Kimagango,,Midsayap,Cotabato
124709019,Kudarangan,,Midsayap,Cotabato
124709020,Central Labas,,Midsayap,Cotabato
124709021,Lagumbingan,,Midsayap,Cotabato
124709022,Lomopog,,Midsayap,Cotabato
124709023,Lower Glad,,Midsayap,Cotabato
124709024,Lower Katingawan,,Midsayap,Cotabato
124709025,Macasendeg,,Midsayap,Cotabato
124709026,Malamote,,Midsayap,Cotabato
124709027,Malingao,,Midsayap,Cotabato
124709028,Milaya,,Midsayap,Cotabato
124709029,Mudseng,,Midsayap,Cotabato
124709030,Nabalawag,,Midsayap,Cotabato
124709031,Nalin,,Midsayap,Cotabato
124709032,Nes,,Midsayap,Cotabato
124709033,Olandang,,Midsayap,Cotabato
124709034,Patindeguen,,Midsayap,Cotabato
124709035,Barangay Poblacion 1,,Midsayap,Cotabato
124709036,Barangay Poblacion 2,,Midsayap,Cotabato
124709037,Barangay Poblacion 3,,Midsayap,Cotabato
124709038,Barangay Poblacion 4,,Midsayap,Cotabato
124709039,Barangay Poblacion 5,,Midsayap,Cotabato
124709040,Barangay Poblacion 6,,Midsayap,Cotabato
124709041,Barangay Poblacion 7,,Midsayap,Cotabato
124709042,Barangay Poblacion 8,,Midsayap,Cotabato
124709043,Palongoguen,,Midsayap,Cotabato
124709044,Rangaban,,Midsayap,Cotabato
124709045,Sadaan,,Midsayap,Cotabato
124709046,Salunayan,,Midsayap,Cotabato
124709047,Sambulawan,,Midsayap,Cotabato
124709048,San Isidro,,Midsayap,Cotabato
124709049,Santa Cruz,,Midsayap,Cotabato
124709050,Tugal,,Midsayap,Cotabato
124709051,Tumbras,,Midsayap,Cotabato
124709052,Bulanan Upper,,Midsayap,Cotabato
124709053,Upper Glad I,,Midsayap,Cotabato
124709054,Upper Glad II,,Midsayap,Cotabato
124709055,Upper Labas,,Midsayap,Cotabato
124709056,Villarica,,Midsayap,Cotabato
124709057,Kiwanan,,Midsayap,Cotabato
124709058,San Pedro,,Midsayap,Cotabato
124710000,M'LANG,,,Cotabato
124710001,Bagontapay,,M’lang,Cotabato
124710002,Bialong,,M’lang,Cotabato
124710003,Buayan,,M’lang,Cotabato
124710004,Calunasan,,M’lang,Cotabato
124710005,Dalipe,,M’lang,Cotabato
124710006,Dagong,,M’lang,Cotabato
124710007,Dungo-an,,M’lang,Cotabato
124710008,Gaunan,,M’lang,Cotabato
124710009,Inas,,M’lang,Cotabato
124710010,Katipunan,,M’lang,Cotabato
124710011,La Fortuna,,M’lang,Cotabato
124710012,La Suerte,,M’lang,Cotabato
124710013,Langkong,,M’lang,Cotabato
124710014,Lepaga,,M’lang,Cotabato
124710015,Liboo,,M’lang,Cotabato
124710016,Lika,,M’lang,Cotabato
124710017,Luz Village,,M’lang,Cotabato
124710018,Magallon,,M’lang,Cotabato
124710019,Malayan,,M’lang,Cotabato
124710020,New Antique,,M’lang,Cotabato
124710021,New Barbaza,,M’lang,Cotabato
124710022,New Kalibo,,M’lang,Cotabato
124710024,New Consolacion,,M’lang,Cotabato
124710025,New Esperanza,,M’lang,Cotabato
124710026,New Janiuay,,M’lang,Cotabato
124710027,New Lawa-an,,M’lang,Cotabato
124710028,New Rizal,,M’lang,Cotabato
124710029,Nueva Vida,,M’lang,Cotabato
124710030,Pag-asa,,M’lang,Cotabato
124710031,Poblacion,,M’lang,Cotabato
124710032,Pulang-lupa,,M’lang,Cotabato
124710033,Sangat,,M’lang,Cotabato
124710034,Tawantawan,,M’lang,Cotabato
124710035,Tibao,,M’lang,Cotabato
124710036,Ugpay,,M’lang,Cotabato
124710037,Palma-Perez,,M’lang,Cotabato
124710038,Poblacion B,,M’lang,Cotabato
124711000,PIGKAWAYAN,,,Cotabato
124711001,Anick (Upper Balogo),,Pigkawayan,Cotabato
124711002,Upper Baguer (Baguer),,Pigkawayan,Cotabato
124711003,Balacayon,,Pigkawayan,Cotabato
124711004,Balogo,,Pigkawayan,Cotabato
124711006,Banucagon,,Pigkawayan,Cotabato
124711007,Bulucaon,,Pigkawayan,Cotabato
124711008,Buluan,,Pigkawayan,Cotabato
124711009,Buricain,,Pigkawayan,Cotabato
124711010,Capayuran,,Pigkawayan,Cotabato
124711011,Central Panatan,,Pigkawayan,Cotabato
124711012,Datu Binasing,,Pigkawayan,Cotabato
124711013,Datu Mantil,,Pigkawayan,Cotabato
124711014,Kadingilan,,Pigkawayan,Cotabato
124711015,Kimarayang,,Pigkawayan,Cotabato
124711016,Libungan Torreta,,Pigkawayan,Cotabato
124711017,Lower Baguer,,Pigkawayan,Cotabato
124711018,Lower Pangangkalan,,Pigkawayan,Cotabato
124711019,Malagakit,,Pigkawayan,Cotabato
124711020,Maluao,,Pigkawayan,Cotabato
124711021,North Manuangan,,Pigkawayan,Cotabato
124711022,Matilac,,Pigkawayan,Cotabato
124711023,Midpapan I,,Pigkawayan,Cotabato
124711024,Mulok,,Pigkawayan,Cotabato
124711025,New Culasi,,Pigkawayan,Cotabato
124711026,New Igbaras,,Pigkawayan,Cotabato
124711027,New Panay,,Pigkawayan,Cotabato
124711028,Upper Pangangkalan,,Pigkawayan,Cotabato
124711029,Patot,,Pigkawayan,Cotabato
124711030,Payong-payong,,Pigkawayan,Cotabato
124711031,Poblacion I,,Pigkawayan,Cotabato
124711032,Poblacion II,,Pigkawayan,Cotabato
124711033,Poblacion III,,Pigkawayan,Cotabato
124711034,Presbitero,,Pigkawayan,Cotabato
124711035,Renibon,,Pigkawayan,Cotabato
124711036,Simsiman,,Pigkawayan,Cotabato
124711037,South Manuangan,,Pigkawayan,Cotabato
124711038,Tigbawan,,Pigkawayan,Cotabato
124711039,Tubon,,Pigkawayan,Cotabato
124711040,Midpapan II,,Pigkawayan,Cotabato
124711041,Cabpangi,,Pigkawayan,Cotabato
124712000,PIKIT,,,Cotabato
124712001,Bagoaingud (Bagoinged),,Pikit,Cotabato
124712003,Balabak,,Pikit,Cotabato
124712004,Balatican,,Pikit,Cotabato
124712005,Balong,,Pikit,Cotabato
124712006,Balungis,,Pikit,Cotabato
124712007,Barungis,,Pikit,Cotabato
124712008,Batulawan,,Pikit,Cotabato
124712009,Bualan,,Pikit,Cotabato
124712010,Buliok,,Pikit,Cotabato
124712011,Bulod,,Pikit,Cotabato
124712012,Bulol,,Pikit,Cotabato
124712013,Calawag,,Pikit,Cotabato
124712015,Dalingaoen (Lalingaon),,Pikit,Cotabato
124712016,Damalasak,,Pikit,Cotabato
124712019,Fort Pikit,,Pikit,Cotabato
124712020,Ginatilan,,Pikit,Cotabato
124712021,Gligli,,Pikit,Cotabato
124712022,Gokoton (Gokotan),,Pikit,Cotabato
124712023,Inug-ug,,Pikit,Cotabato
124712024,Kabasalan,,Pikit,Cotabato
124712025,Kalacacan,,Pikit,Cotabato
124712026,Katilacan,,Pikit,Cotabato
124712028,Kolambog,,Pikit,Cotabato
124712029,Ladtingan,,Pikit,Cotabato
124712030,Lagunde,,Pikit,Cotabato
124712031,Langayen,,Pikit,Cotabato
124712034,Macabual,,Pikit,Cotabato
124712035,Macasendeg,,Pikit,Cotabato
124712037,Manaulanan,,Pikit,Cotabato
124712040,Nabundas,,Pikit,Cotabato
124712041,Nalapaan,,Pikit,Cotabato
124712044,Nunguan,,Pikit,Cotabato
124712046,Paidu Pulangi,,Pikit,Cotabato
124712048,Panicupan,,Pikit,Cotabato
124712050,Poblacion,,Pikit,Cotabato
124712051,Punol,,Pikit,Cotabato
124712052,Rajah Muda,,Pikit,Cotabato
124712055,Silik,,Pikit,Cotabato
124712056,Takipan,,Pikit,Cotabato
124712057,Talitay,,Pikit,Cotabato
124712060,Tinutulan,,Pikit,Cotabato
124712062,Pamalian,,Pikit,Cotabato
124713000,PRESIDENT ROXAS,,,Cotabato
124713001,Alegria,,President Roxas,Cotabato
124713002,Bato-bato,,President Roxas,Cotabato
124713003,Del Carmen,,President Roxas,Cotabato
124713005,F. Cajelo (New Maasin),,President Roxas,Cotabato
124713006,Idaoman,,President Roxas,Cotabato
124713007,Ilustre,,President Roxas,Cotabato
124713008,Kamarahan,,President Roxas,Cotabato
124713009,Camasi,,President Roxas,Cotabato
124713011,Kisupaan,,President Roxas,Cotabato
124713012,La Esperanza,,President Roxas,Cotabato
124713013,Labu-o,,President Roxas,Cotabato
124713014,Lamalama,,President Roxas,Cotabato
124713016,Lomonay,,President Roxas,Cotabato
124713022,New Cebu,,President Roxas,Cotabato
124713024,Poblacion,,President Roxas,Cotabato
124713026,Sagcungan,,President Roxas,Cotabato
124713027,Salat,,President Roxas,Cotabato
124713028,Sarayan,,President Roxas,Cotabato
124713029,Tuael,,President Roxas,Cotabato
124713030,Greenhill,,President Roxas,Cotabato
124713031,Cabangbangan,,President Roxas,Cotabato
124713032,Datu Indang,,President Roxas,Cotabato
124713033,Datu Sandongan,,President Roxas,Cotabato
124713034,Kimaruhing,,President Roxas,Cotabato
124713035,Mabuhay,,President Roxas,Cotabato
124714000,TULUNAN,,,Cotabato
124714001,Bagumbayan,,Tulunan,Cotabato
124714002,Banayal,,Tulunan,Cotabato
124714003,Batang,,Tulunan,Cotabato
124714004,Bituan,,Tulunan,Cotabato
124714005,Bual,,Tulunan,Cotabato
124714006,Daig,,Tulunan,Cotabato
124714007,Damawato,,Tulunan,Cotabato
124714008,Dungos,,Tulunan,Cotabato
124714009,Kanibong,,Tulunan,Cotabato
124714010,La Esperanza,,Tulunan,Cotabato
124714011,Lampagang,,Tulunan,Cotabato
124714012,Bunawan,,Tulunan,Cotabato
124714013,Magbok,,Tulunan,Cotabato
124714014,Maybula,,Tulunan,Cotabato
124714015,Minapan,,Tulunan,Cotabato
124714016,New Caridad,,Tulunan,Cotabato
124714017,New Culasi,,Tulunan,Cotabato
124714018,New Panay,,Tulunan,Cotabato
124714019,Paraiso,,Tulunan,Cotabato
124714020,Poblacion,,Tulunan,Cotabato
124714021,Popoyon,,Tulunan,Cotabato
124714022,Sibsib,,Tulunan,Cotabato
124714023,Tambac,,Tulunan,Cotabato
124714024,Tuburan,,Tulunan,Cotabato
124714026,F. Cajelo,,Tulunan,Cotabato
124714027,Bacong,,Tulunan,Cotabato
124714028,Galidan,,Tulunan,Cotabato
124714029,Genoveva Baynosa,,Tulunan,Cotabato
124714030,Nabundasan,,Tulunan,Cotabato
124715000,ANTIPAS,,,Cotabato
124715001,Camutan,,Antipas,Cotabato
124715002,Canaan,,Antipas,Cotabato
124715003,Dolores,,Antipas,Cotabato
124715004,Kiyaab,,Antipas,Cotabato
124715005,Luhong,,Antipas,Cotabato
124715006,Magsaysay,,Antipas,Cotabato
124715007,Malangag,,Antipas,Cotabato
124715008,Malatad,,Antipas,Cotabato
124715009,Malire,,Antipas,Cotabato
124715010,New Pontevedra,,Antipas,Cotabato
124715011,Poblacion,,Antipas,Cotabato
124715012,B. Cadungon,,Antipas,Cotabato
124715013,Datu Agod,,Antipas,Cotabato
124716000,BANISILAN,,,Cotabato
124716001,Banisilan Poblacion,,Banisilan,Cotabato
124716002,Busaon,,Banisilan,Cotabato
124716003,Capayangan,,Banisilan,Cotabato
124716004,Carugmanan,,Banisilan,Cotabato
124716005,Gastay,,Banisilan,Cotabato
124716006,Kalawaig,,Banisilan,Cotabato
124716007,Kiaring,,Banisilan,Cotabato
124716008,Malagap,,Banisilan,Cotabato
124716009,Malinao,,Banisilan,Cotabato
124716010,Miguel Macasarte,,Banisilan,Cotabato
124716011,Pantar,,Banisilan,Cotabato
124716012,Paradise,,Banisilan,Cotabato
124716013,Pinamulaan,,Banisilan,Cotabato
124716014,Poblacion II,,Banisilan,Cotabato
124716015,Puting-bato,,Banisilan,Cotabato
124716016,Solama,,Banisilan,Cotabato
124716017,Thailand,,Banisilan,Cotabato
124716018,Tinimbacan,,Banisilan,Cotabato
124716019,Tumbao-Camalig,,Banisilan,Cotabato
124716020,Wadya,,Banisilan,Cotabato
124717000,ALEOSAN,,,Cotabato
124717001,Bagolibas,,Aleosan,Cotabato
124717002,Cawilihan,,Aleosan,Cotabato
124717003,Dualing,,Aleosan,Cotabato
124717004,Dunguan,,Aleosan,Cotabato
124717005,Katalicanan,,Aleosan,Cotabato
124717006,Lawili,,Aleosan,Cotabato
124717007,Lower Mingading,,Aleosan,Cotabato
124717008,Luanan,,Aleosan,Cotabato
124717009,Malapang,,Aleosan,Cotabato
124717010,New Leon,,Aleosan,Cotabato
124717011,New Panay,,Aleosan,Cotabato
124717012,Pagangan,,Aleosan,Cotabato
124717013,Palacat,,Aleosan,Cotabato
124717014,Pentil,,Aleosan,Cotabato
124717015,San Mateo,,Aleosan,Cotabato
124717016,Santa Cruz,,Aleosan,Cotabato
124717017,Tapodoc,,Aleosan,Cotabato
124717018,Tomado,,Aleosan,Cotabato
124717019,Upper Mingading,,Aleosan,Cotabato
124718000,ARAKAN,,,Cotabato
124718001,Allab,,Arakan,Cotabato
124718002,Anapolon,,Arakan,Cotabato
124718003,Badiangon,,Arakan,Cotabato
124718004,Binoongan,,Arakan,Cotabato
124718005,Dallag,,Arakan,Cotabato
124718006,Datu Ladayon,,Arakan,Cotabato
124718007,Datu Matangkil,,Arakan,Cotabato
124718008,Doroluman,,Arakan,Cotabato
124718009,Gambodes,,Arakan,Cotabato
124718010,Ganatan,,Arakan,Cotabato
124718011,Greenfield,,Arakan,Cotabato
124718012,Kabalantian,,Arakan,Cotabato
124718013,Katipunan,,Arakan,Cotabato
124718014,Kinawayan,,Arakan,Cotabato
124718015,Kulaman Valley,,Arakan,Cotabato
124718016,Lanao Kuran,,Arakan,Cotabato
124718017,Libertad,,Arakan,Cotabato
124718018,Makalangot,,Arakan,Cotabato
124718019,Malibatuan,,Arakan,Cotabato
124718020,Maria Caridad,,Arakan,Cotabato
124718021,Meocan,,Arakan,Cotabato
124718022,Naje,,Arakan,Cotabato
124718023,Napalico,,Arakan,Cotabato
124718024,Salasang,,Arakan,Cotabato
124718025,San Miguel,,Arakan,Cotabato
124718026,Santo Niño,,Arakan,Cotabato
124718027,Sumalili,,Arakan,Cotabato
124718028,Tumanding,,Arakan,Cotabato
126300000,SOUTH COTABATO,,,
126302000,BANGA,,,South Cotabato
126302002,Benitez (Pob.),,Banga,South Cotabato
126302003,Cabudian,,Banga,South Cotabato
126302004,Cabuling,,Banga,South Cotabato
126302005,Cinco (Barrio 5),,Banga,South Cotabato
126302006,Derilon,,Banga,South Cotabato
126302007,El Nonok,,Banga,South Cotabato
126302008,Improgo Village (Pob.),,Banga,South Cotabato
126302009,Kusan (Barrio 8),,Banga,South Cotabato
126302010,Lam-Apos,,Banga,South Cotabato
126302011,Lamba,,Banga,South Cotabato
126302012,Lambingi,,Banga,South Cotabato
126302013,Lampari,,Banga,South Cotabato
126302014,Liwanay (Barrio 1),,Banga,South Cotabato
126302015,Malaya (Barrio 9),,Banga,South Cotabato
126302016,Punong Grande (Barrio 2),,Banga,South Cotabato
126302017,Rang-ay (Barrio 4),,Banga,South Cotabato
126302018,Reyes (Pob.),,Banga,South Cotabato
126302019,Rizal (Barrio 3),,Banga,South Cotabato
126302020,Rizal Poblacion,,Banga,South Cotabato
126302021,San Jose (Barrio 7),,Banga,South Cotabato
126302022,San Vicente (Barrio 6),,Banga,South Cotabato
126302024,Yangco Poblacion,,Banga,South Cotabato
126303000,CITY OF GENERAL SANTOS (DADIANGAS),,,South Cotabato
126303003,Baluan,,General Santos,South Cotabato
126303004,Buayan,,General Santos,South Cotabato
126303005,Bula,,General Santos,South Cotabato
126303006,Conel,,General Santos,South Cotabato
126303007,Dadiangas East (Pob.),,General Santos,South Cotabato
126303009,Katangawan,,General Santos,South Cotabato
126303011,Lagao (1st & 3rd),,General Santos,South Cotabato
126303012,Labangal,,General Santos,South Cotabato
126303015,Ligaya,,General Santos,South Cotabato
126303016,Mabuhay,,General Santos,South Cotabato
126303023,San Isidro (Lagao 2nd),,General Santos,South Cotabato
126303024,San Jose,,General Santos,South Cotabato
126303026,Sinawal,,General Santos,South Cotabato
126303027,Tambler,,General Santos,South Cotabato
126303028,Tinagacan,,General Santos,South Cotabato
126303029,Apopong,,General Santos,South Cotabato
126303030,Siguel,,General Santos,South Cotabato
126303031,Upper Labay,,General Santos,South Cotabato
126303032,Batomelong,,General Santos,South Cotabato
126303033,Calumpang,,General Santos,South Cotabato
126303034,City Heights,,General Santos,South Cotabato
126303035,Dadiangas North,,General Santos,South Cotabato
126303036,Dadiangas South,,General Santos,South Cotabato
126303037,Dadiangas West,,General Santos,South Cotabato
126303038,Fatima,,General Santos,South Cotabato
126303039,Olympog,,General Santos,South Cotabato
126306000,CITY OF KORONADAL (Capital),,,South Cotabato
126306001,Assumption (Bulol),,Koronadal,South Cotabato
126306002,Avanceña (Bo. 3),,Koronadal,South Cotabato
126306003,Cacub,,Koronadal,South Cotabato
126306004,Caloocan,,Koronadal,South Cotabato
126306005,Carpenter Hill,,Koronadal,South Cotabato
126306006,Concepcion (Bo. 6),,Koronadal,South Cotabato
126306007,Esperanza,,Koronadal,South Cotabato
126306008,General Paulino Santos (Bo. 1),,Koronadal,South Cotabato
126306009,Mabini,,Koronadal,South Cotabato
126306010,Magsaysay,,Koronadal,South Cotabato
126306011,Mambucal,,Koronadal,South Cotabato
126306012,Morales,,Koronadal,South Cotabato
126306013,Namnama,,Koronadal,South Cotabato
126306014,New Pangasinan (Bo. 4),,Koronadal,South Cotabato
126306015,Paraiso,,Koronadal,South Cotabato
126306016,Zone I (Pob.),,Koronadal,South Cotabato
126306017,Zone II (Pob.),,Koronadal,South Cotabato
126306018,Zone III (Pob.),,Koronadal,South Cotabato
126306019,Zone IV (Pob.),,Koronadal,South Cotabato
126306020,Rotonda,,Koronadal,South Cotabato
126306021,San Isidro,,Koronadal,South Cotabato
126306022,San Jose (Bo. 5),,Koronadal,South Cotabato
126306023,San Roque,,Koronadal,South Cotabato
126306024,Santa Cruz,,Koronadal,South Cotabato
126306025,Santo Niño (Bo. 2),,Koronadal,South Cotabato
126306026,Sarabia (Bo. 8),,Koronadal,South Cotabato
126306027,Zulueta (Bo. 7),,Koronadal,South Cotabato
126311000,NORALA,,,South Cotabato
126311002,Dumaguil,,Norala,South Cotabato
126311003,Esperanza,,Norala,South Cotabato
126311006,Kibid,,Norala,South Cotabato
126311007,Lapuz,,Norala,South Cotabato
126311008,Liberty,,Norala,South Cotabato
126311009,Lopez Jaena,,Norala,South Cotabato
126311011,Matapol,,Norala,South Cotabato
126311013,Poblacion,,Norala,South Cotabato
126311014,Puti,,Norala,South Cotabato
126311016,San Jose,,Norala,South Cotabato
126311017,San Miguel,,Norala,South Cotabato
126311020,Simsiman,,Norala,South Cotabato
126311021,Tinago,,Norala,South Cotabato
126311022,"Benigno Aquino, Jr.",,Norala,South Cotabato
126312000,POLOMOLOK,,,South Cotabato
126312001,Bentung,,Polomolok,South Cotabato
126312002,Crossing Palkan,,Polomolok,South Cotabato
126312003,Glamang,,Polomolok,South Cotabato
126312004,Kinilis,,Polomolok,South Cotabato
126312005,Klinan 6,,Polomolok,South Cotabato
126312006,Koronadal Proper,,Polomolok,South Cotabato
126312007,Lam-Caliaf,,Polomolok,South Cotabato
126312008,Landan,,Polomolok,South Cotabato
126312009,Lumakil,,Polomolok,South Cotabato
126312011,Maligo,,Polomolok,South Cotabato
126312013,Palkan,,Polomolok,South Cotabato
126312014,Poblacion,,Polomolok,South Cotabato
126312015,Polo,,Polomolok,South Cotabato
126312016,Magsaysay,,Polomolok,South Cotabato
126312017,Rubber,,Polomolok,South Cotabato
126312018,Silway 7,,Polomolok,South Cotabato
126312019,Silway 8,,Polomolok,South Cotabato
126312020,Sulit,,Polomolok,South Cotabato
126312021,Sumbakil,,Polomolok,South Cotabato
126312022,Upper Klinan,,Polomolok,South Cotabato
126312023,Lapu,,Polomolok,South Cotabato
126312024,Cannery Site,,Polomolok,South Cotabato
126312025,Pagalungan,,Polomolok,South Cotabato
126313000,SURALLAH,,,South Cotabato
126313002,Buenavista,,Surallah,South Cotabato
126313003,Centrala,,Surallah,South Cotabato
126313004,Colongulo,,Surallah,South Cotabato
126313005,Dajay,,Surallah,South Cotabato
126313006,Duengas,,Surallah,South Cotabato
126313008,Canahay (Godwino),,Surallah,South Cotabato
126313014,Lambontong,,Surallah,South Cotabato
126313017,Lamian,,Surallah,South Cotabato
126313018,Lamsugod,,Surallah,South Cotabato
126313019,Libertad (Pob.),,Surallah,South Cotabato
126313020,Little Baguio,,Surallah,South Cotabato
126313023,Moloy,,Surallah,South Cotabato
126313024,Naci (Doce),,Surallah,South Cotabato
126313028,Talahik,,Surallah,South Cotabato
126313030,Tubiala,,Surallah,South Cotabato
126313031,Upper Sepaka,,Surallah,South Cotabato
126313032,Veterans,,Surallah,South Cotabato
126314000,TAMPAKAN,,,South Cotabato
126314001,Albagan,,Tampakan,South Cotabato
126314002,Kipalbig,,Tampakan,South Cotabato
126314003,Lambayong,,Tampakan,South Cotabato
126314004,Liberty,,Tampakan,South Cotabato
126314005,Maltana,,Tampakan,South Cotabato
126314006,Poblacion,,Tampakan,South Cotabato
126314007,Tablu,,Tampakan,South Cotabato
126314008,Buto,,Tampakan,South Cotabato
126314009,Lampitak,,Tampakan,South Cotabato
126314010,Palo,,Tampakan,South Cotabato
126314011,Pula-bato,,Tampakan,South Cotabato
126314012,Danlag,,Tampakan,South Cotabato
126314013,San Isidro,,Tampakan,South Cotabato
126314014,Santa Cruz,,Tampakan,South Cotabato
126315000,TANTANGAN,,,South Cotabato
126315001,Bukay Pait,,Tantangan,South Cotabato
126315002,Cabuling,,Tantangan,South Cotabato
126315003,Dumadalig,,Tantangan,South Cotabato
126315004,Libas,,Tantangan,South Cotabato
126315005,Magon,,Tantangan,South Cotabato
126315006,Maibo,,Tantangan,South Cotabato
126315007,Mangilala,,Tantangan,South Cotabato
126315008,New Iloilo,,Tantangan,South Cotabato
126315009,New Lambunao,,Tantangan,South Cotabato
126315010,Poblacion,,Tantangan,South Cotabato
126315011,San Felipe,,Tantangan,South Cotabato
126315012,New Cuyapo,,Tantangan,South Cotabato
126315013,Tinongcop,,Tantangan,South Cotabato
126316000,T'BOLI,,,South Cotabato
126316001,Basag,,T’Boli,South Cotabato
126316002,Edwards (Pob.),,T’Boli,South Cotabato
126316004,Kematu,,T’Boli,South Cotabato
126316005,Laconon,,T’Boli,South Cotabato
126316008,Lamsalome,,T’Boli,South Cotabato
126316011,New Dumangas,,T’Boli,South Cotabato
126316012,Sinolon,,T’Boli,South Cotabato
126316014,Lambangan,,T’Boli,South Cotabato
126316016,Maan,,T’Boli,South Cotabato
126316017,Afus,,T’Boli,South Cotabato
126316018,Lambuling,,T’Boli,South Cotabato
126316019,Lamhako,,T’Boli,South Cotabato
126316020,Poblacion,,T’Boli,South Cotabato
126316021,Talcon,,T’Boli,South Cotabato
126316022,Talufo,,T’Boli,South Cotabato
126316023,Tudok,,T’Boli,South Cotabato
126316024,Aflek,,T’Boli,South Cotabato
126316025,Datal Bob,,T’Boli,South Cotabato
126316026,Desawo,,T’Boli,South Cotabato
126316027,Dlanag,,T’Boli,South Cotabato
126316028,Lemsnolon,,T’Boli,South Cotabato
126316029,Malugong,,T’Boli,South Cotabato
126316030,Mongocayo,,T’Boli,South Cotabato
126316031,Salacafe,,T’Boli,South Cotabato
126316032,T'bolok,,T’Boli,South Cotabato
126317000,TUPI,,,South Cotabato
126317001,Acmonan,,Tupi,South Cotabato
126317002,Bololmala,,Tupi,South Cotabato
126317003,Bunao,,Tupi,South Cotabato
126317004,Cebuano,,Tupi,South Cotabato
126317005,Crossing Rubber,,Tupi,South Cotabato
126317006,Kablon,,Tupi,South Cotabato
126317007,Kalkam,,Tupi,South Cotabato
126317009,Linan,,Tupi,South Cotabato
126317010,Lunen,,Tupi,South Cotabato
126317011,Miasong,,Tupi,South Cotabato
126317012,Palian,,Tupi,South Cotabato
126317013,Poblacion,,Tupi,South Cotabato
126317014,Polonuling,,Tupi,South Cotabato
126317015,Simbo,,Tupi,South Cotabato
126317016,Tubeng,,Tupi,South Cotabato
126318000,SANTO NIÑO,,,South Cotabato
126318001,Ambalgan,,Santo Nino,South Cotabato
126318002,Guinsang-an,,Santo Nino,South Cotabato
126318003,Katipunan,,Santo Nino,South Cotabato
126318004,Manuel Roxas,,Santo Nino,South Cotabato
126318005,Panay,,Santo Nino,South Cotabato
126318006,Poblacion,,Santo Nino,South Cotabato
126318007,San Isidro,,Santo Nino,South Cotabato
126318008,San Vicente,,Santo Nino,South Cotabato
126318009,Teresita,,Santo Nino,South Cotabato
126318010,Sajaneba,,Santo Nino,South Cotabato
126319000,LAKE SEBU,,,South Cotabato
126319001,Bacdulong,,Lake Sebu,South Cotabato
126319002,Denlag,,Lake Sebu,South Cotabato
126319003,Halilan,,Lake Sebu,South Cotabato
126319004,Hanoon,,Lake Sebu,South Cotabato
126319005,Klubi,,Lake Sebu,South Cotabato
126319006,Lake Lahit,,Lake Sebu,South Cotabato
126319007,Lamcade,,Lake Sebu,South Cotabato
126319008,Lamdalag,,Lake Sebu,South Cotabato
126319009,Lamfugon,,Lake Sebu,South Cotabato
126319010,Lamlahak,,Lake Sebu,South Cotabato
126319011,Lower Maculan,,Lake Sebu,South Cotabato
126319012,Luhib,,Lake Sebu,South Cotabato
126319013,Ned,,Lake Sebu,South Cotabato
126319014,Poblacion,,Lake Sebu,South Cotabato
126319015,Siluton,,Lake Sebu,South Cotabato
126319016,Talisay,,Lake Sebu,South Cotabato
126319017,Takunel,,Lake Sebu,South Cotabato
126319018,Upper Maculan,,Lake Sebu,South Cotabato
126319019,Tasiman,,Lake Sebu,South Cotabato
126500000,SULTAN KUDARAT,,,
126501000,BAGUMBAYAN,,,Sultan Kudarat
126501001,Bai Sarifinang,,Bagumbayan,Sultan Kudarat
126501002,Biwang,,Bagumbayan,Sultan Kudarat
126501003,Busok,,Bagumbayan,Sultan Kudarat
126501004,Daguma,,Bagumbayan,Sultan Kudarat
126501005,Kapaya,,Bagumbayan,Sultan Kudarat
126501006,Kinayao,,Bagumbayan,Sultan Kudarat
126501008,Masiag,,Bagumbayan,Sultan Kudarat
126501009,Poblacion,,Bagumbayan,Sultan Kudarat
126501010,South Sepaka,,Bagumbayan,Sultan Kudarat
126501011,Tuka,,Bagumbayan,Sultan Kudarat
126501012,Chua,,Bagumbayan,Sultan Kudarat
126501013,Daluga,,Bagumbayan,Sultan Kudarat
126501014,Kabulanan,,Bagumbayan,Sultan Kudarat
126501015,Kanulay,,Bagumbayan,Sultan Kudarat
126501016,Monteverde,,Bagumbayan,Sultan Kudarat
126501017,Santo Niño,,Bagumbayan,Sultan Kudarat
126501018,Sumilil,,Bagumbayan,Sultan Kudarat
126501019,Titulok,,Bagumbayan,Sultan Kudarat
126501020,Sison,,Bagumbayan,Sultan Kudarat
126502000,COLUMBIO,,,Sultan Kudarat
126502002,Bantangan (Lasak),,Columbio,Sultan Kudarat
126502009,Datablao,,Columbio,Sultan Kudarat
126502010,Eday,,Columbio,Sultan Kudarat
126502011,Elbebe,,Columbio,Sultan Kudarat
126502015,Libertad,,Columbio,Sultan Kudarat
126502016,Lomoyon,,Columbio,Sultan Kudarat
126502017,Makat (Sumali Pas),,Columbio,Sultan Kudarat
126502019,Maligaya,,Columbio,Sultan Kudarat
126502021,Mayo,,Columbio,Sultan Kudarat
126502022,Natividad,,Columbio,Sultan Kudarat
126502023,Poblacion,,Columbio,Sultan Kudarat
126502024,Polomolok,,Columbio,Sultan Kudarat
126502027,Sinapulan,,Columbio,Sultan Kudarat
126502028,Sucob,,Columbio,Sultan Kudarat
126502030,Telafas,,Columbio,Sultan Kudarat
126502032,Lasak,,Columbio,Sultan Kudarat
126503000,ESPERANZA,,,Sultan Kudarat
126503001,Ala,,Esperanza,Sultan Kudarat
126503003,Daladap,,Esperanza,Sultan Kudarat
126503005,Dukay,,Esperanza,Sultan Kudarat
126503007,Guiamalia,,Esperanza,Sultan Kudarat
126503008,Ilian,,Esperanza,Sultan Kudarat
126503011,Kangkong,,Esperanza,Sultan Kudarat
126503016,Margues,,Esperanza,Sultan Kudarat
126503018,New Panay,,Esperanza,Sultan Kudarat
126503020,Numo,,Esperanza,Sultan Kudarat
126503021,Pamantingan,,Esperanza,Sultan Kudarat
126503022,Poblacion,,Esperanza,Sultan Kudarat
126503023,Sagasa,,Esperanza,Sultan Kudarat
126503024,Salabaca,,Esperanza,Sultan Kudarat
126503032,Villamor,,Esperanza,Sultan Kudarat
126503033,Laguinding,,Esperanza,Sultan Kudarat
126503034,Magsaysay,,Esperanza,Sultan Kudarat
126503035,Paitan,,Esperanza,Sultan Kudarat
126503036,Saliao,,Esperanza,Sultan Kudarat
126503037,Salumping,,Esperanza,Sultan Kudarat
126504000,ISULAN,,,Sultan Kudarat
126504003,Bambad,,Isulan,Sultan Kudarat
126504005,Bual,,Isulan,Sultan Kudarat
126504007,D'Lotilla,,Isulan,Sultan Kudarat
126504009,Dansuli,,Isulan,Sultan Kudarat
126504010,Impao,,Isulan,Sultan Kudarat
126504011,Kalawag I (Pob.),,Isulan,Sultan Kudarat
126504012,Kalawag II (Pob.),,Isulan,Sultan Kudarat
126504013,Kalawag III (Pob.),,Isulan,Sultan Kudarat
126504016,Kenram,,Isulan,Sultan Kudarat
126504018,Kudanding,,Isulan,Sultan Kudarat
126504019,Kolambog,,Isulan,Sultan Kudarat
126504020,Lagandang,,Isulan,Sultan Kudarat
126504021,Laguilayan,,Isulan,Sultan Kudarat
126504022,Mapantig,,Isulan,Sultan Kudarat
126504024,New Pangasinan,,Isulan,Sultan Kudarat
126504026,Sampao,,Isulan,Sultan Kudarat
126504028,Tayugo,,Isulan,Sultan Kudarat
126505000,KALAMANSIG,,,Sultan Kudarat
126505001,Bantogon (Santa Clara),,Kalamansig,Sultan Kudarat
126505004,Cadiz,,Kalamansig,Sultan Kudarat
126505006,Dumangas Nuevo,,Kalamansig,Sultan Kudarat
126505007,Hinalaan,,Kalamansig,Sultan Kudarat
126505011,Limulan,,Kalamansig,Sultan Kudarat
126505013,Obial,,Kalamansig,Sultan Kudarat
126505014,Paril,,Kalamansig,Sultan Kudarat
126505015,Poblacion,,Kalamansig,Sultan Kudarat
126505016,Sangay,,Kalamansig,Sultan Kudarat
126505017,Santa Maria,,Kalamansig,Sultan Kudarat
126505018,Datu Ito Andong,,Kalamansig,Sultan Kudarat
126505019,Datu Wasay,,Kalamansig,Sultan Kudarat
126505020,Nalilidan,,Kalamansig,Sultan Kudarat
126505021,Sabanal,,Kalamansig,Sultan Kudarat
126505022,Pag-asa,,Kalamansig,Sultan Kudarat
126506000,LEBAK,,,Sultan Kudarat
126506001,Barurao,,Lebak,Sultan Kudarat
126506003,Basak,,Lebak,Sultan Kudarat
126506004,Bululawan,,Lebak,Sultan Kudarat
126506005,Capilan,,Lebak,Sultan Kudarat
126506006,Christiannuevo,,Lebak,Sultan Kudarat
126506007,Datu Karon,,Lebak,Sultan Kudarat
126506008,Kalamongog,,Lebak,Sultan Kudarat
126506009,Keytodac,,Lebak,Sultan Kudarat
126506010,Kinodalan,,Lebak,Sultan Kudarat
126506012,New Calinog,,Lebak,Sultan Kudarat
126506013,Nuling,,Lebak,Sultan Kudarat
126506014,Pansud,,Lebak,Sultan Kudarat
126506015,Pasandalan,,Lebak,Sultan Kudarat
126506016,Poblacion,,Lebak,Sultan Kudarat
126506017,Poloy-poloy,,Lebak,Sultan Kudarat
126506018,Purikay,,Lebak,Sultan Kudarat
126506019,Ragandang,,Lebak,Sultan Kudarat
126506020,Salaman,,Lebak,Sultan Kudarat
126506021,Salangsang,,Lebak,Sultan Kudarat
126506022,Taguisa,,Lebak,Sultan Kudarat
126506023,Tibpuan,,Lebak,Sultan Kudarat
126506024,Tran,,Lebak,Sultan Kudarat
126506025,Villamonte,,Lebak,Sultan Kudarat
126506026,Barurao II,,Lebak,Sultan Kudarat
126506027,Aurelio F. Freires (Poblacion II),,Lebak,Sultan Kudarat
126506028,Poblacion III,,Lebak,Sultan Kudarat
126506029,Bolebok,,Lebak,Sultan Kudarat
126507000,LUTAYAN,,,Sultan Kudarat
126507001,Antong,,Lutayan,Sultan Kudarat
126507002,Bayasong,,Lutayan,Sultan Kudarat
126507003,Blingkong,,Lutayan,Sultan Kudarat
126507004,Lutayan Proper,,Lutayan,Sultan Kudarat
126507005,Maindang,,Lutayan,Sultan Kudarat
126507006,Mamali,,Lutayan,Sultan Kudarat
126507007,Manili,,Lutayan,Sultan Kudarat
126507008,Sampao,,Lutayan,Sultan Kudarat
126507009,Sisiman,,Lutayan,Sultan Kudarat
126507010,Tamnag (Pob.),,Lutayan,Sultan Kudarat
126507011,Palavilla,,Lutayan,Sultan Kudarat
126508000,LAMBAYONG (MARIANO MARCOS),,,Sultan Kudarat
126508001,Caridad (Cuyapon),,Lambayong,Sultan Kudarat
126508002,Didtaras,,Lambayong,Sultan Kudarat
126508004,Gansing (Bilumen),,Lambayong,Sultan Kudarat
126508005,Kabulakan,,Lambayong,Sultan Kudarat
126508006,Kapingkong,,Lambayong,Sultan Kudarat
126508007,Katitisan,,Lambayong,Sultan Kudarat
126508008,Lagao,,Lambayong,Sultan Kudarat
126508009,Lilit,,Lambayong,Sultan Kudarat
126508010,Madanding,,Lambayong,Sultan Kudarat
126508011,Maligaya,,Lambayong,Sultan Kudarat
126508012,Mamali,,Lambayong,Sultan Kudarat
126508013,Matiompong,,Lambayong,Sultan Kudarat
126508014,Midtapok,,Lambayong,Sultan Kudarat
126508015,New Cebu,,Lambayong,Sultan Kudarat
126508016,Palumbi,,Lambayong,Sultan Kudarat
126508017,Pidtiguian,,Lambayong,Sultan Kudarat
126508018,Pimbalayan,,Lambayong,Sultan Kudarat
126508019,Pinguiaman,,Lambayong,Sultan Kudarat
126508020,Poblacion (Lambayong),,Lambayong,Sultan Kudarat
126508021,Sadsalan,,Lambayong,Sultan Kudarat
126508022,Seneben,,Lambayong,Sultan Kudarat
126508023,Sigayan,,Lambayong,Sultan Kudarat
126508024,Tambak,,Lambayong,Sultan Kudarat
126508025,Tinumigues,,Lambayong,Sultan Kudarat
126508027,Tumiao (Tinaga),,Lambayong,Sultan Kudarat
126508028,Udtong,,Lambayong,Sultan Kudarat
126509000,PALIMBANG,,,Sultan Kudarat
126509001,Akol,,Palimbang,Sultan Kudarat
126509002,Badiangon,,Palimbang,Sultan Kudarat
126509003,Baliango,,Palimbang,Sultan Kudarat
126509004,Baranayan,,Palimbang,Sultan Kudarat
126509005,Barongis,,Palimbang,Sultan Kudarat
126509006,Batang-baglas,,Palimbang,Sultan Kudarat
126509007,Butril,,Palimbang,Sultan Kudarat
126509009,Domolol,,Palimbang,Sultan Kudarat
126509010,Kabuling,,Palimbang,Sultan Kudarat
126509011,Kalibuhan,,Palimbang,Sultan Kudarat
126509013,Kanipaan,,Palimbang,Sultan Kudarat
126509014,Kisek,,Palimbang,Sultan Kudarat
126509015,Kidayan,,Palimbang,Sultan Kudarat
126509016,Kiponget,,Palimbang,Sultan Kudarat
126509017,Kulong-kulong,,Palimbang,Sultan Kudarat
126509018,Kraan,,Palimbang,Sultan Kudarat
126509020,Langali,,Palimbang,Sultan Kudarat
126509021,Libua,,Palimbang,Sultan Kudarat
126509022,Lumitan,,Palimbang,Sultan Kudarat
126509023,Maganao,,Palimbang,Sultan Kudarat
126509024,Maguid,,Palimbang,Sultan Kudarat
126509025,Malatuneng (Malatunol),,Palimbang,Sultan Kudarat
126509026,Malisbong,,Palimbang,Sultan Kudarat
126509027,Milbuk,,Palimbang,Sultan Kudarat
126509028,Molon,,Palimbang,Sultan Kudarat
126509029,Namat Masla,,Palimbang,Sultan Kudarat
126509030,Napnapon,,Palimbang,Sultan Kudarat
126509031,Poblacion,,Palimbang,Sultan Kudarat
126509032,San Roque,,Palimbang,Sultan Kudarat
126509033,Colobe (Tagadtal),,Palimbang,Sultan Kudarat
126509034,Tibuhol (East Badiangon),,Palimbang,Sultan Kudarat
126509035,Wal,,Palimbang,Sultan Kudarat
126509036,Bambanen,,Palimbang,Sultan Kudarat
126509038,Lopoken (Lepolon),,Palimbang,Sultan Kudarat
126509039,Mina,,Palimbang,Sultan Kudarat
126509040,Medol,,Palimbang,Sultan Kudarat
126509041,Wasag,,Palimbang,Sultan Kudarat
126509042,Balwan (Bulan),,Palimbang,Sultan Kudarat
126509043,Ligao,,Palimbang,Sultan Kudarat
126509044,Datu Maguiales,,Palimbang,Sultan Kudarat
126510000,PRESIDENT QUIRINO,,,Sultan Kudarat
126510001,Bagumbayan,,President Quirino,Sultan Kudarat
126510003,Bannawag,,President Quirino,Sultan Kudarat
126510004,Bayawa,,President Quirino,Sultan Kudarat
126510005,Estrella,,President Quirino,Sultan Kudarat
126510007,Kalanawe I,,President Quirino,Sultan Kudarat
126510008,Kalanawe II,,President Quirino,Sultan Kudarat
126510009,Katico,,President Quirino,Sultan Kudarat
126510012,Malingon,,President Quirino,Sultan Kudarat
126510013,Mangalen,,President Quirino,Sultan Kudarat
126510014,C. Mangilala,,President Quirino,Sultan Kudarat
126510015,Pedtubo,,President Quirino,Sultan Kudarat
126510016,Poblacion (Sambulawan),,President Quirino,Sultan Kudarat
126510018,Romualdez,,President Quirino,Sultan Kudarat
126510020,San Jose,,President Quirino,Sultan Kudarat
126510021,Sinakulay,,President Quirino,Sultan Kudarat
126510022,Suben,,President Quirino,Sultan Kudarat
126510023,Tinaungan,,President Quirino,Sultan Kudarat
126510025,Tual (Liguasan),,President Quirino,Sultan Kudarat
126510026,San Pedro (Tuato),,President Quirino,Sultan Kudarat
126511000,CITY OF TACURONG,,,Sultan Kudarat
126511001,Baras,,Tacurong,Sultan Kudarat
126511002,Buenaflor,,Tacurong,Sultan Kudarat
126511003,Calean,,Tacurong,Sultan Kudarat
126511004,Carmen,,Tacurong,Sultan Kudarat
126511005,D'Ledesma,,Tacurong,Sultan Kudarat
126511006,Virginia Griño,,Tacurong,Sultan Kudarat
126511007,Kalandagan,,Tacurong,Sultan Kudarat
126511008,Enrique JC Montilla,,Tacurong,Sultan Kudarat
126511010,New Isabela,,Tacurong,Sultan Kudarat
126511011,New Lagao,,Tacurong,Sultan Kudarat
126511012,New Passi,,Tacurong,Sultan Kudarat
126511013,Poblacion,,Tacurong,Sultan Kudarat
126511014,Rajah Nuda,,Tacurong,Sultan Kudarat
126511015,San Antonio,,Tacurong,Sultan Kudarat
126511016,San Emmanuel,,Tacurong,Sultan Kudarat
126511019,San Pablo,,Tacurong,Sultan Kudarat
126511020,Upper Katungal,,Tacurong,Sultan Kudarat
126511021,Tina,,Tacurong,Sultan Kudarat
126511022,San Rafael,,Tacurong,Sultan Kudarat
126511023,Lancheta,,Tacurong,Sultan Kudarat
126512000,SEN. NINOY AQUINO,,,Sultan Kudarat
126512001,Banali,,Senator Ninoy Aquino,Sultan Kudarat
126512002,Basag,,Senator Ninoy Aquino,Sultan Kudarat
126512003,Buenaflores,,Senator Ninoy Aquino,Sultan Kudarat
126512004,Bugso,,Senator Ninoy Aquino,Sultan Kudarat
126512005,Buklod,,Senator Ninoy Aquino,Sultan Kudarat
126512006,Gapok,,Senator Ninoy Aquino,Sultan Kudarat
126512007,Kadi,,Senator Ninoy Aquino,Sultan Kudarat
126512008,Kapatagan,,Senator Ninoy Aquino,Sultan Kudarat
126512009,Kiadsam,,Senator Ninoy Aquino,Sultan Kudarat
126512010,Kuden,,Senator Ninoy Aquino,Sultan Kudarat
126512011,Kulaman,,Senator Ninoy Aquino,Sultan Kudarat
126512012,Lagubang,,Senator Ninoy Aquino,Sultan Kudarat
126512013,Langgal,,Senator Ninoy Aquino,Sultan Kudarat
126512014,Limuhay,,Senator Ninoy Aquino,Sultan Kudarat
126512015,Malegdeg,,Senator Ninoy Aquino,Sultan Kudarat
126512016,Midtungok,,Senator Ninoy Aquino,Sultan Kudarat
126512017,Nati,,Senator Ninoy Aquino,Sultan Kudarat
126512018,Sewod,,Senator Ninoy Aquino,Sultan Kudarat
126512019,Tacupis,,Senator Ninoy Aquino,Sultan Kudarat
126512020,Tinalon,,Senator Ninoy Aquino,Sultan Kudarat
128000000,SARANGANI,,,
128001000,ALABEL,,,Sarangani
128001001,Alegria,,Alabel,Sarangani
128001002,Bagacay,,Alabel,Sarangani
128001003,Baluntay,,Alabel,Sarangani
128001004,Datal Anggas,,Alabel,Sarangani
128001005,Domolok,,Alabel,Sarangani
128001006,Kawas,,Alabel,Sarangani
128001007,Maribulan,,Alabel,Sarangani
128001008,Pag-Asa,,Alabel,Sarangani
128001009,Paraiso,,Alabel,Sarangani
128001010,Poblacion (Alabel),,Alabel,Sarangani
128001011,Spring,,Alabel,Sarangani
128001012,Tokawal,,Alabel,Sarangani
128001013,Ladol,,Alabel,Sarangani
128002000,GLAN,,,Sarangani
128002001,Baliton,,Glan,Sarangani
128002002,Batotuling,,Glan,Sarangani
128002003,Batulaki,,Glan,Sarangani
128002004,Big Margus,,Glan,Sarangani
128002005,Burias,,Glan,Sarangani
128002006,Cablalan,,Glan,Sarangani
128002007,Calabanit,,Glan,Sarangani
128002008,Calpidong,,Glan,Sarangani
128002009,Congan,,Glan,Sarangani
128002010,Cross,,Glan,Sarangani
128002011,Datalbukay,,Glan,Sarangani
128002012,E. Alegado,,Glan,Sarangani
128002013,Glan Padidu,,Glan,Sarangani
128002014,Gumasa,,Glan,Sarangani
128002015,Ilaya,,Glan,Sarangani
128002016,Kaltuad,,Glan,Sarangani
128002017,Kapatan,,Glan,Sarangani
128002018,Lago,,Glan,Sarangani
128002019,Laguimit,,Glan,Sarangani
128002020,Mudan,,Glan,Sarangani
128002021,New Aklan,,Glan,Sarangani
128002022,Pangyan,,Glan,Sarangani
128002023,Poblacion,,Glan,Sarangani
128002024,Rio Del Pilar,,Glan,Sarangani
128002025,San Jose,,Glan,Sarangani
128002026,San Vicente,,Glan,Sarangani
128002027,Small Margus,,Glan,Sarangani
128002028,Sufatubo,,Glan,Sarangani
128002029,Taluya,,Glan,Sarangani
128002030,Tango,,Glan,Sarangani
128002031,Tapon,,Glan,Sarangani
128003000,KIAMBA,,,Sarangani
128003001,Badtasan,,Kiamba,Sarangani
128003002,Datu Dani,,Kiamba,Sarangani
128003003,Gasi,,Kiamba,Sarangani
128003004,Kapate,,Kiamba,Sarangani
128003005,Katubao,,Kiamba,Sarangani
128003006,Kayupo,,Kiamba,Sarangani
128003007,Kling (Lumit),,Kiamba,Sarangani
128003008,Lagundi,,Kiamba,Sarangani
128003009,Lebe,,Kiamba,Sarangani
128003010,Lomuyon,,Kiamba,Sarangani
128003011,Luma,,Kiamba,Sarangani
128003012,Maligang,,Kiamba,Sarangani
128003013,Nalus,,Kiamba,Sarangani
128003014,Poblacion,,Kiamba,Sarangani
128003015,Salakit,,Kiamba,Sarangani
128003016,Suli,,Kiamba,Sarangani
128003017,Tablao,,Kiamba,Sarangani
128003018,Tamadang,,Kiamba,Sarangani
128003019,Tambilil,,Kiamba,Sarangani
128004000,MAASIM,,,Sarangani
128004001,Amsipit,,Maasim,Sarangani
128004002,Bales,,Maasim,Sarangani
128004003,Colon,,Maasim,Sarangani
128004004,Daliao,,Maasim,Sarangani
128004005,Kabatiol,,Maasim,Sarangani
128004006,Kablacan,,Maasim,Sarangani
128004007,Kamanga,,Maasim,Sarangani
128004008,Kanalo,,Maasim,Sarangani
128004009,Lumasal,,Maasim,Sarangani
128004010,Lumatil,,Maasim,Sarangani
128004011,Malbang,,Maasim,Sarangani
128004012,Nomoh,,Maasim,Sarangani
128004013,Pananag,,Maasim,Sarangani
128004014,Poblacion (Maasim),,Maasim,Sarangani
128004015,Seven Hills,,Maasim,Sarangani
128004016,Tinoto,,Maasim,Sarangani
128005000,MAITUM,,,Sarangani
128005001,Bati-an,,Maitum,Sarangani
128005002,Kalaneg,,Maitum,Sarangani
128005003,Kalaong,,Maitum,Sarangani
128005004,Kiambing,,Maitum,Sarangani
128005005,Kiayap,,Maitum,Sarangani
128005006,Mabay,,Maitum,Sarangani
128005007,Maguling,,Maitum,Sarangani
128005008,Malalag (Pob.),,Maitum,Sarangani
128005009,Mindupok,,Maitum,Sarangani
128005010,New La Union,,Maitum,Sarangani
128005011,Old Poblacion (Maitum),,Maitum,Sarangani
128005012,Pangi (Linao),,Maitum,Sarangani
128005013,Pinol,,Maitum,Sarangani
128005014,Sison (Edenton),,Maitum,Sarangani
128005015,Ticulab,,Maitum,Sarangani
128005016,Tuanadatu,,Maitum,Sarangani
128005017,Upo (Lanao),,Maitum,Sarangani
128005018,Wali (Kambuhan),,Maitum,Sarangani
128005019,Zion,,Maitum,Sarangani
128006000,MALAPATAN,,,Sarangani
128006001,Daan Suyan,,Malapatan,Sarangani
128006002,Kihan,,Malapatan,Sarangani
128006003,Kinam,,Malapatan,Sarangani
128006004,Libi,,Malapatan,Sarangani
128006005,Lun Masla,,Malapatan,Sarangani
128006006,Lun Padidu,,Malapatan,Sarangani
128006007,Patag,,Malapatan,Sarangani
128006008,Poblacion (Malapatan),,Malapatan,Sarangani
128006009,Sapu Masla,,Malapatan,Sarangani
128006010,Sapu Padidu,,Malapatan,Sarangani
128006011,Tuyan,,Malapatan,Sarangani
128006012,Upper Suyan,,Malapatan,Sarangani
128007000,MALUNGON,,,Sarangani
128007001,Alkikan,,Malungon,Sarangani
128007002,Ampon,,Malungon,Sarangani
128007003,Atlae,,Malungon,Sarangani
128007004,Banahaw,,Malungon,Sarangani
128007005,Banate,,Malungon,Sarangani
128007006,B'Laan,,Malungon,Sarangani
128007007,Datal Batong,,Malungon,Sarangani
128007008,Datal Bila,,Malungon,Sarangani
128007009,Datal Tampal,,Malungon,Sarangani
128007010,J.P. Laurel,,Malungon,Sarangani
128007011,Kawayan,,Malungon,Sarangani
128007012,Kibala,,Malungon,Sarangani
128007013,Kiblat,,Malungon,Sarangani
128007014,Kinabalan,,Malungon,Sarangani
128007015,Lower Mainit,,Malungon,Sarangani
128007016,Lutay,,Malungon,Sarangani
128007017,Malabod,,Malungon,Sarangani
128007018,Malalag Cogon,,Malungon,Sarangani
128007019,Malandag,,Malungon,Sarangani
128007020,Malungon Gamay,,Malungon,Sarangani
128007021,Nagpan,,Malungon,Sarangani
128007022,Panamin,,Malungon,Sarangani
128007023,Poblacion,,Malungon,Sarangani
128007024,San Juan,,Malungon,Sarangani
128007025,San Miguel,,Malungon,Sarangani
128007026,San Roque,,Malungon,Sarangani
128007027,Talus,,Malungon,Sarangani
128007028,Tamban,,Malungon,Sarangani
128007029,Upper Biangan,,Malungon,Sarangani
128007030,Upper Lumabat,,Malungon,Sarangani
128007031,Upper Mainit,,Malungon,Sarangani
129800000,COTABATO CITY,,,
129804000,CITY OF COTABATO,,,
129804001,Bagua,,,Cotabato City
129804002,Kalanganan,,,Cotabato City
129804003,Poblacion,,,Cotabato City
129804004,Rosary Heights,,,Cotabato City
129804005,Tamontaka,,,Cotabato City
129804006,Bagua I,,,Cotabato City
129804007,Bagua II,,,Cotabato City
129804008,Bagua III,,,Cotabato City
129804009,Kalanganan I,,,Cotabato City
129804010,Kalanganan II,,,Cotabato City
129804011,Poblacion I,,,Cotabato City
129804012,Poblacion II,,,Cotabato City
129804013,Poblacion III,,,Cotabato City
129804014,Poblacion IV,,,Cotabato City
129804015,Poblacion V,,,Cotabato City
129804016,Poblacion VI,,,Cotabato City
129804017,Poblacion VII,,,Cotabato City
129804018,Poblacion VIII,,,Cotabato City
129804019,Poblacion IX,,,Cotabato City
129804020,Rosary Heights I,,,Cotabato City
129804021,Rosary Heights II,,,Cotabato City
129804022,Rosary Heights III,,,Cotabato City
129804023,Rosary Heights IV,,,Cotabato City
129804024,Rosary Heights V,,,Cotabato City
129804025,Rosary Heights VI,,,Cotabato City
129804026,Rosary Heights VII,,,Cotabato City
129804027,Rosary Heights VIII,,,Cotabato City
129804028,Rosary Heights IX,,,Cotabato City
129804029,Rosary Heights X,,,Cotabato City
129804030,Rosary Heights XI,,,Cotabato City
129804031,Rosary Heights XII,,,Cotabato City
129804032,Rosary Heights XIII,,,Cotabato City
129804033,Tamontaka I,,,Cotabato City
129804034,Tamontaka II,,,Cotabato City
129804035,Tamontaka III,,,Cotabato City
129804036,Tamontaka IV,,,Cotabato City
129804037,Tamontaka V,,,Cotabato City
