,code,name,submun,city,province,address
0,120000000,REGION XII (SOCCSKSARGEN),,,,REGION XII (SOCCSKSARGEN)
1,124700000,COTABATO (NORTH COTABATO),,,,COTABATO (NORTH COTABATO)
2,124701000,ALAMADA,,,Cotabato,"ALAMADA,Cotabato"
3,124701001,Bao,,Alamada,Cotabato,"Bao,Alamada,Cotabato"
4,124701002,Barangiran,,Alamada,Cotabato,"Barangiran,Alamada,Cotabato"
5,124701003,Camansi,,Alamada,Cotabato,"Camansi,Alamada,Cotabato"
6,124701004,Dado,,Alamada,Cotabato,"Dado,Alamada,Cotabato"
7,124701005,Guiling,,Alamada,Cotabato,"Guiling,Alamada,Cotabato"
8,124701006,Kitacubong (Pob.),,Alamada,Cotabato,"Kitacubong (Pob.),Alamada,Cotabato"
9,124701007,Macabasa,,Alamada,Cotabato,"Macabasa,Alamada,Cotabato"
10,124701008,Malitubog,,Alamada,Cotabato,"Malitubog,Alamada,Cotabato"
11,124701009,Mapurok,,Alamada,Cotabato,"Mapurok,Alamada,Cotabato"
12,124701010,Pacao,,Alamada,Cotabato,"Pacao,Alamada,Cotabato"
13,124701011,Paruayan,,Alamada,Cotabato,"Paruayan,Alamada,Cotabato"
14,124701012,Pigcawaran,,Alamada,Cotabato,"Pigcawaran,Alamada,Cotabato"
15,124701013,Polayagan,,Alamada,Cotabato,"Polayagan,Alamada,Cotabato"
16,124701014,Rangayen,,Alamada,Cotabato,"Rangayen,Alamada,Cotabato"
17,124701015,Lower Dado,,Alamada,Cotabato,"Lower Dado,Alamada,Cotabato"
18,124701016,Mirasol,,Alamada,Cotabato,"Mirasol,Alamada,Cotabato"
19,124701017,Raradangan,,Alamada,Cotabato,"Raradangan,Alamada,Cotabato"
20,124702000,CARMEN,,,Cotabato,"CARMEN,Cotabato"
21,124702001,Aroman,,Carmen,Cotabato,"Aroman,Carmen,Cotabato"
22,124702003,Bentangan,,Carmen,Cotabato,"Bentangan,Carmen,Cotabato"
23,124702005,Cadiis,,Carmen,Cotabato,"Cadiis,Carmen,Cotabato"
24,124702007,General Luna,,Carmen,Cotabato,"General Luna,Carmen,Cotabato"
25,124702008,Katanayanan,,Carmen,Cotabato,"Katanayanan,Carmen,Cotabato"
26,124702010,Kib-Ayao,,Carmen,Cotabato,"Kib-Ayao,Carmen,Cotabato"
27,124702011,Kibenes,,Carmen,Cotabato,"Kibenes,Carmen,Cotabato"
28,124702012,Kibugtongan,,Carmen,Cotabato,"Kibugtongan,Carmen,Cotabato"
29,124702013,Kilala,,Carmen,Cotabato,"Kilala,Carmen,Cotabato"
30,124702014,Kimadzil,,Carmen,Cotabato,"Kimadzil,Carmen,Cotabato"
31,124702015,Kitulaan,,Carmen,Cotabato,"Kitulaan,Carmen,Cotabato"
32,124702016,Langogan,,Carmen,Cotabato,"Langogan,Carmen,Cotabato"
33,124702017,Lanoon,,Carmen,Cotabato,"Lanoon,Carmen,Cotabato"
34,124702019,Liliongan,,Carmen,Cotabato,"Liliongan,Carmen,Cotabato"
35,124702020,Ugalingan (Lumayong),,Carmen,Cotabato,"Ugalingan (Lumayong),Carmen,Cotabato"
36,124702021,Macabenban,,Carmen,Cotabato,"Macabenban,Carmen,Cotabato"
37,124702022,Malapag,,Carmen,Cotabato,"Malapag,Carmen,Cotabato"
38,124702024,Manarapan,,Carmen,Cotabato,"Manarapan,Carmen,Cotabato"
39,124702025,Manili,,Carmen,Cotabato,"Manili,Carmen,Cotabato"
40,124702027,Nasapian,,Carmen,Cotabato,"Nasapian,Carmen,Cotabato"
41,124702028,Palanggalan,,Carmen,Cotabato,"Palanggalan,Carmen,Cotabato"
42,124702030,Pebpoloan,,Carmen,Cotabato,"Pebpoloan,Carmen,Cotabato"
43,124702032,Poblacion,,Carmen,Cotabato,"Poblacion,Carmen,Cotabato"
44,124702034,Ranzo,,Carmen,Cotabato,"Ranzo,Carmen,Cotabato"
45,124702035,Tacupan,,Carmen,Cotabato,"Tacupan,Carmen,Cotabato"
46,124702036,Tambad,,Carmen,Cotabato,"Tambad,Carmen,Cotabato"
47,124702037,Tonganon,,Carmen,Cotabato,"Tonganon,Carmen,Cotabato"
48,124702039,Tupig,,Carmen,Cotabato,"Tupig,Carmen,Cotabato"
49,124703000,KABACAN,,,Cotabato,"KABACAN,Cotabato"
50,124703001,Aringay,,Kabacan,Cotabato,"Aringay,Kabacan,Cotabato"
51,124703002,Bangilan,,Kabacan,Cotabato,"Bangilan,Kabacan,Cotabato"
52,124703003,Bannawag,,Kabacan,Cotabato,"Bannawag,Kabacan,Cotabato"
53,124703004,Buluan,,Kabacan,Cotabato,"Buluan,Kabacan,Cotabato"
54,124703005,Cuyapon,,Kabacan,Cotabato,"Cuyapon,Kabacan,Cotabato"
55,124703006,Dagupan,,Kabacan,Cotabato,"Dagupan,Kabacan,Cotabato"
56,124703007,Katidtuan,,Kabacan,Cotabato,"Katidtuan,Kabacan,Cotabato"
57,124703008,Kayaga,,Kabacan,Cotabato,"Kayaga,Kabacan,Cotabato"
58,124703009,Kilagasan,,Kabacan,Cotabato,"Kilagasan,Kabacan,Cotabato"
59,124703010,Magatos,,Kabacan,Cotabato,"Magatos,Kabacan,Cotabato"
60,124703011,Malamote,,Kabacan,Cotabato,"Malamote,Kabacan,Cotabato"
61,124703012,Malanduague,,Kabacan,Cotabato,"Malanduague,Kabacan,Cotabato"
62,124703013,Nanga-an,,Kabacan,Cotabato,"Nanga-an,Kabacan,Cotabato"
63,124703014,Osias,,Kabacan,Cotabato,"Osias,Kabacan,Cotabato"
64,124703015,Paatan Lower,,Kabacan,Cotabato,"Paatan Lower,Kabacan,Cotabato"
65,124703016,Paatan Upper,,Kabacan,Cotabato,"Paatan Upper,Kabacan,Cotabato"
66,124703017,Pedtad,,Kabacan,Cotabato,"Pedtad,Kabacan,Cotabato"
67,124703018,Pisan,,Kabacan,Cotabato,"Pisan,Kabacan,Cotabato"
68,124703019,Poblacion,,Kabacan,Cotabato,"Poblacion,Kabacan,Cotabato"
69,124703020,Salapungan,,Kabacan,Cotabato,"Salapungan,Kabacan,Cotabato"
70,124703021,Sanggadong,,Kabacan,Cotabato,"Sanggadong,Kabacan,Cotabato"
71,124703022,Simbuhay,,Kabacan,Cotabato,"Simbuhay,Kabacan,Cotabato"
72,124703023,Simone,,Kabacan,Cotabato,"Simone,Kabacan,Cotabato"
73,124703024,Tamped,,Kabacan,Cotabato,"Tamped,Kabacan,Cotabato"
74,124704000,CITY OF KIDAPAWAN,,,Cotabato,"CITY OF KIDAPAWAN,Cotabato"
75,124704001,Amas,,Kidapawan,Cotabato,"Amas,Kidapawan,Cotabato"
76,124704002,Amazion,,Kidapawan,Cotabato,"Amazion,Kidapawan,Cotabato"
77,124704003,Balabag,,Kidapawan,Cotabato,"Balabag,Kidapawan,Cotabato"
78,124704004,Balindog,,Kidapawan,Cotabato,"Balindog,Kidapawan,Cotabato"
79,124704005,Benoligan,,Kidapawan,Cotabato,"Benoligan,Kidapawan,Cotabato"
80,124704006,Berada,,Kidapawan,Cotabato,"Berada,Kidapawan,Cotabato"
81,124704007,Gayola,,Kidapawan,Cotabato,"Gayola,Kidapawan,Cotabato"
82,124704008,Ginatilan,,Kidapawan,Cotabato,"Ginatilan,Kidapawan,Cotabato"
83,124704009,Ilomavis,,Kidapawan,Cotabato,"Ilomavis,Kidapawan,Cotabato"
84,124704010,Indangan,,Kidapawan,Cotabato,"Indangan,Kidapawan,Cotabato"
85,124704011,Junction,,Kidapawan,Cotabato,"Junction,Kidapawan,Cotabato"
86,124704012,Kalaisan,,Kidapawan,Cotabato,"Kalaisan,Kidapawan,Cotabato"
87,124704013,Kalasuyan,,Kidapawan,Cotabato,"Kalasuyan,Kidapawan,Cotabato"
88,124704014,Katipunan,,Kidapawan,Cotabato,"Katipunan,Kidapawan,Cotabato"
89,124704015,Lanao,,Kidapawan,Cotabato,"Lanao,Kidapawan,Cotabato"
90,124704016,Linangcob,,Kidapawan,Cotabato,"Linangcob,Kidapawan,Cotabato"
91,124704017,Luvimin,,Kidapawan,Cotabato,"Luvimin,Kidapawan,Cotabato"
92,124704018,Macabolig,,Kidapawan,Cotabato,"Macabolig,Kidapawan,Cotabato"
93,124704020,Malinan,,Kidapawan,Cotabato,"Malinan,Kidapawan,Cotabato"
94,124704021,Manongol,,Kidapawan,Cotabato,"Manongol,Kidapawan,Cotabato"
95,124704022,Marbel (Embac),,Kidapawan,Cotabato,"Marbel (Embac),Kidapawan,Cotabato"
96,124704023,Mateo,,Kidapawan,Cotabato,"Mateo,Kidapawan,Cotabato"
97,124704024,Meochao,,Kidapawan,Cotabato,"Meochao,Kidapawan,Cotabato"
98,124704025,Mua-an,,Kidapawan,Cotabato,"Mua-an,Kidapawan,Cotabato"
99,124704026,New Bohol,,Kidapawan,Cotabato,"New Bohol,Kidapawan,Cotabato"
100,124704027,Nuangan,,Kidapawan,Cotabato,"Nuangan,Kidapawan,Cotabato"
101,124704028,Onica,,Kidapawan,Cotabato,"Onica,Kidapawan,Cotabato"
102,124704029,Paco,,Kidapawan,Cotabato,"Paco,Kidapawan,Cotabato"
103,124704030,Patadon (Patadon East),,Kidapawan,Cotabato,"Patadon (Patadon East),Kidapawan,Cotabato"
104,124704031,Perez,,Kidapawan,Cotabato,"Perez,Kidapawan,Cotabato"
105,124704032,Poblacion,,Kidapawan,Cotabato,"Poblacion,Kidapawan,Cotabato"
106,124704033,San Isidro,,Kidapawan,Cotabato,"San Isidro,Kidapawan,Cotabato"
107,124704034,San Roque,,Kidapawan,Cotabato,"San Roque,Kidapawan,Cotabato"
108,124704035,Santo Niño,,Kidapawan,Cotabato,"Santo Niño,Kidapawan,Cotabato"
109,124704036,Sibawan,,Kidapawan,Cotabato,"Sibawan,Kidapawan,Cotabato"
110,124704037,Sikitan,,Kidapawan,Cotabato,"Sikitan,Kidapawan,Cotabato"
111,124704038,Singao,,Kidapawan,Cotabato,"Singao,Kidapawan,Cotabato"
112,124704039,Sudapin,,Kidapawan,Cotabato,"Sudapin,Kidapawan,Cotabato"
113,124704040,Sumbao,,Kidapawan,Cotabato,"Sumbao,Kidapawan,Cotabato"
114,124704041,Magsaysay,,Kidapawan,Cotabato,"Magsaysay,Kidapawan,Cotabato"
115,124705000,LIBUNGAN,,,Cotabato,"LIBUNGAN,Cotabato"
116,124705001,Abaga,,Libungan,Cotabato,"Abaga,Libungan,Cotabato"
117,124705003,Baguer,,Libungan,Cotabato,"Baguer,Libungan,Cotabato"
118,124705004,Barongis,,Libungan,Cotabato,"Barongis,Libungan,Cotabato"
119,124705005,Batiocan,,Libungan,Cotabato,"Batiocan,Libungan,Cotabato"
120,124705006,Cabaruyan,,Libungan,Cotabato,"Cabaruyan,Libungan,Cotabato"
121,124705007,Cabpangi,,Libungan,Cotabato,"Cabpangi,Libungan,Cotabato"
122,124705010,Demapaco,,Libungan,Cotabato,"Demapaco,Libungan,Cotabato"
123,124705011,Grebona,,Libungan,Cotabato,"Grebona,Libungan,Cotabato"
124,124705013,Gumaga,,Libungan,Cotabato,"Gumaga,Libungan,Cotabato"
125,124705014,Kapayawi,,Libungan,Cotabato,"Kapayawi,Libungan,Cotabato"
126,124705015,Kiloyao,,Libungan,Cotabato,"Kiloyao,Libungan,Cotabato"
127,124705017,Kitubod,,Libungan,Cotabato,"Kitubod,Libungan,Cotabato"
128,124705019,Malengen,,Libungan,Cotabato,"Malengen,Libungan,Cotabato"
129,124705023,Montay,,Libungan,Cotabato,"Montay,Libungan,Cotabato"
130,124705024,Nica-an,,Libungan,Cotabato,"Nica-an,Libungan,Cotabato"
131,124705025,Palao,,Libungan,Cotabato,"Palao,Libungan,Cotabato"
132,124705029,Poblacion,,Libungan,Cotabato,"Poblacion,Libungan,Cotabato"
133,124705032,Sinapangan,,Libungan,Cotabato,"Sinapangan,Libungan,Cotabato"
134,124705033,Sinawingan,,Libungan,Cotabato,"Sinawingan,Libungan,Cotabato"
135,124705034,Ulamian,,Libungan,Cotabato,"Ulamian,Libungan,Cotabato"
136,124706000,MAGPET,,,Cotabato,"MAGPET,Cotabato"
137,124706001,Alibayon,,Magpet,Cotabato,"Alibayon,Magpet,Cotabato"
138,124706005,Bagumbayan,,Magpet,Cotabato,"Bagumbayan,Magpet,Cotabato"
139,124706006,Bangkal,,Magpet,Cotabato,"Bangkal,Magpet,Cotabato"
140,124706007,Bantac,,Magpet,Cotabato,"Bantac,Magpet,Cotabato"
141,124706008,Basak,,Magpet,Cotabato,"Basak,Magpet,Cotabato"
142,124706009,Binay,,Magpet,Cotabato,"Binay,Magpet,Cotabato"
143,124706010,Bongolanon,,Magpet,Cotabato,"Bongolanon,Magpet,Cotabato"
144,124706014,Datu Celo,,Magpet,Cotabato,"Datu Celo,Magpet,Cotabato"
145,124706015,Del Pilar,,Magpet,Cotabato,"Del Pilar,Magpet,Cotabato"
146,124706016,Doles,,Magpet,Cotabato,"Doles,Magpet,Cotabato"
147,124706021,Gubatan,,Magpet,Cotabato,"Gubatan,Magpet,Cotabato"
148,124706022,Ilian,,Magpet,Cotabato,"Ilian,Magpet,Cotabato"
149,124706023,Inac,,Magpet,Cotabato,"Inac,Magpet,Cotabato"
150,124706024,Kamada,,Magpet,Cotabato,"Kamada,Magpet,Cotabato"
151,124706026,Kauswagan,,Magpet,Cotabato,"Kauswagan,Magpet,Cotabato"
152,124706027,Kisandal,,Magpet,Cotabato,"Kisandal,Magpet,Cotabato"
153,124706029,Magcaalam,,Magpet,Cotabato,"Magcaalam,Magpet,Cotabato"
154,124706030,Mahongcog,,Magpet,Cotabato,"Mahongcog,Magpet,Cotabato"
155,124706033,Manobo,,Magpet,Cotabato,"Manobo,Magpet,Cotabato"
156,124706037,Noa,,Magpet,Cotabato,"Noa,Magpet,Cotabato"
157,124706038,Owas,,Magpet,Cotabato,"Owas,Magpet,Cotabato"
158,124706039,Pangao-an,,Magpet,Cotabato,"Pangao-an,Magpet,Cotabato"
159,124706040,Poblacion,,Magpet,Cotabato,"Poblacion,Magpet,Cotabato"
160,124706042,Sallab,,Magpet,Cotabato,"Sallab,Magpet,Cotabato"
161,124706043,Tagbac,,Magpet,Cotabato,"Tagbac,Magpet,Cotabato"
162,124706044,Temporan,,Magpet,Cotabato,"Temporan,Magpet,Cotabato"
163,124706048,Amabel,,Magpet,Cotabato,"Amabel,Magpet,Cotabato"
164,124706049,Balete,,Magpet,Cotabato,"Balete,Magpet,Cotabato"
165,124706050,Don Panaca,,Magpet,Cotabato,"Don Panaca,Magpet,Cotabato"
166,124706051,Imamaling,,Magpet,Cotabato,"Imamaling,Magpet,Cotabato"
167,124706052,Kinarum,,Magpet,Cotabato,"Kinarum,Magpet,Cotabato"
168,124706053,Manobisa,,Magpet,Cotabato,"Manobisa,Magpet,Cotabato"
169,124707000,MAKILALA,,,Cotabato,"MAKILALA,Cotabato"
170,124707001,Batasan,,Makilala,Cotabato,"Batasan,Makilala,Cotabato"
171,124707002,Bato,,Makilala,Cotabato,"Bato,Makilala,Cotabato"
172,124707003,Biangan,,Makilala,Cotabato,"Biangan,Makilala,Cotabato"
173,124707004,Buena Vida,,Makilala,Cotabato,"Buena Vida,Makilala,Cotabato"
174,124707005,Buhay,,Makilala,Cotabato,"Buhay,Makilala,Cotabato"
175,124707006,Bulakanon,,Makilala,Cotabato,"Bulakanon,Makilala,Cotabato"
176,124707007,Cabilao,,Makilala,Cotabato,"Cabilao,Makilala,Cotabato"
177,124707008,Concepcion,,Makilala,Cotabato,"Concepcion,Makilala,Cotabato"
178,124707009,Dagupan,,Makilala,Cotabato,"Dagupan,Makilala,Cotabato"
179,124707010,Garsika,,Makilala,Cotabato,"Garsika,Makilala,Cotabato"
180,124707011,Guangan,,Makilala,Cotabato,"Guangan,Makilala,Cotabato"
181,124707012,Indangan,,Makilala,Cotabato,"Indangan,Makilala,Cotabato"
182,124707013,Jose Rizal,,Makilala,Cotabato,"Jose Rizal,Makilala,Cotabato"
183,124707014,Katipunan II,,Makilala,Cotabato,"Katipunan II,Makilala,Cotabato"
184,124707015,Kawayanon,,Makilala,Cotabato,"Kawayanon,Makilala,Cotabato"
185,124707016,Kisante,,Makilala,Cotabato,"Kisante,Makilala,Cotabato"
186,124707017,Leboce,,Makilala,Cotabato,"Leboce,Makilala,Cotabato"
187,124707018,Libertad,,Makilala,Cotabato,"Libertad,Makilala,Cotabato"
188,124707019,Luayon,,Makilala,Cotabato,"Luayon,Makilala,Cotabato"
189,124707020,Luna Norte,,Makilala,Cotabato,"Luna Norte,Makilala,Cotabato"
190,124707021,Luna Sur,,Makilala,Cotabato,"Luna Sur,Makilala,Cotabato"
191,124707022,Malabuan,,Makilala,Cotabato,"Malabuan,Makilala,Cotabato"
192,124707023,Malasila,,Makilala,Cotabato,"Malasila,Makilala,Cotabato"
193,124707024,Malungon,,Makilala,Cotabato,"Malungon,Makilala,Cotabato"
194,124707025,New Baguio,,Makilala,Cotabato,"New Baguio,Makilala,Cotabato"
195,124707026,New Bulatukan,,Makilala,Cotabato,"New Bulatukan,Makilala,Cotabato"
196,124707027,New Cebu,,Makilala,Cotabato,"New Cebu,Makilala,Cotabato"
197,124707028,Old Bulatukan,,Makilala,Cotabato,"Old Bulatukan,Makilala,Cotabato"
198,124707029,Poblacion,,Makilala,Cotabato,"Poblacion,Makilala,Cotabato"
199,124707030,Rodero,,Makilala,Cotabato,"Rodero,Makilala,Cotabato"
200,124707031,Saguing,,Makilala,Cotabato,"Saguing,Makilala,Cotabato"
201,124707032,San Vicente,,Makilala,Cotabato,"San Vicente,Makilala,Cotabato"
202,124707033,Santa Felomina,,Makilala,Cotabato,"Santa Felomina,Makilala,Cotabato"
203,124707034,Santo Niño,,Makilala,Cotabato,"Santo Niño,Makilala,Cotabato"
204,124707035,Sinkatulan,,Makilala,Cotabato,"Sinkatulan,Makilala,Cotabato"
205,124707036,Taluntalunan,,Makilala,Cotabato,"Taluntalunan,Makilala,Cotabato"
206,124707037,Villaflores,,Makilala,Cotabato,"Villaflores,Makilala,Cotabato"
207,124707038,New Israel,,Makilala,Cotabato,"New Israel,Makilala,Cotabato"
208,124708000,MATALAM,,,Cotabato,"MATALAM,Cotabato"
209,124708001,New Alimodian,,Matalam,Cotabato,"New Alimodian,Matalam,Cotabato"
210,124708003,Arakan,,Matalam,Cotabato,"Arakan,Matalam,Cotabato"
211,124708004,Bangbang,,Matalam,Cotabato,"Bangbang,Matalam,Cotabato"
212,124708005,Bato,,Matalam,Cotabato,"Bato,Matalam,Cotabato"
213,124708006,Central Malamote,,Matalam,Cotabato,"Central Malamote,Matalam,Cotabato"
214,124708007,Dalapitan,,Matalam,Cotabato,"Dalapitan,Matalam,Cotabato"
215,124708008,Estado,,Matalam,Cotabato,"Estado,Matalam,Cotabato"
216,124708009,Ilian,,Matalam,Cotabato,"Ilian,Matalam,Cotabato"
217,124708010,Kabulacan,,Matalam,Cotabato,"Kabulacan,Matalam,Cotabato"
218,124708012,Kibia,,Matalam,Cotabato,"Kibia,Matalam,Cotabato"
219,124708013,Kibudoc,,Matalam,Cotabato,"Kibudoc,Matalam,Cotabato"
220,124708014,Kidama,,Matalam,Cotabato,"Kidama,Matalam,Cotabato"
221,124708015,Kilada,,Matalam,Cotabato,"Kilada,Matalam,Cotabato"
222,124708017,Lampayan,,Matalam,Cotabato,"Lampayan,Matalam,Cotabato"
223,124708018,Latagan,,Matalam,Cotabato,"Latagan,Matalam,Cotabato"
224,124708019,Linao,,Matalam,Cotabato,"Linao,Matalam,Cotabato"
225,124708020,Lower Malamote,,Matalam,Cotabato,"Lower Malamote,Matalam,Cotabato"
226,124708025,Manubuan,,Matalam,Cotabato,"Manubuan,Matalam,Cotabato"
227,124708026,Manupal,,Matalam,Cotabato,"Manupal,Matalam,Cotabato"
228,124708027,Marbel,,Matalam,Cotabato,"Marbel,Matalam,Cotabato"
229,124708028,Minamaing,,Matalam,Cotabato,"Minamaing,Matalam,Cotabato"
230,124708029,Natutungan,,Matalam,Cotabato,"Natutungan,Matalam,Cotabato"
231,124708030,New Bugasong,,Matalam,Cotabato,"New Bugasong,Matalam,Cotabato"
232,124708031,New Pandan,,Matalam,Cotabato,"New Pandan,Matalam,Cotabato"
233,124708033,Patadon West,,Matalam,Cotabato,"Patadon West,Matalam,Cotabato"
234,124708034,Poblacion,,Matalam,Cotabato,"Poblacion,Matalam,Cotabato"
235,124708035,Salvacion,,Matalam,Cotabato,"Salvacion,Matalam,Cotabato"
236,124708036,Santa Maria,,Matalam,Cotabato,"Santa Maria,Matalam,Cotabato"
237,124708037,Sarayan,,Matalam,Cotabato,"Sarayan,Matalam,Cotabato"
238,124708038,Taculen,,Matalam,Cotabato,"Taculen,Matalam,Cotabato"
239,124708039,Taguranao,,Matalam,Cotabato,"Taguranao,Matalam,Cotabato"
240,124708040,Tamped (Tampad),,Matalam,Cotabato,"Tamped (Tampad),Matalam,Cotabato"
241,124708041,New Abra,,Matalam,Cotabato,"New Abra,Matalam,Cotabato"
242,124708042,Pinamaton,,Matalam,Cotabato,"Pinamaton,Matalam,Cotabato"
243,124709000,MIDSAYAP,,,Cotabato,"MIDSAYAP,Cotabato"
244,124709002,Agriculture,,Midsayap,Cotabato,"Agriculture,Midsayap,Cotabato"
245,124709003,Anonang,,Midsayap,Cotabato,"Anonang,Midsayap,Cotabato"
246,124709004,Arizona,,Midsayap,Cotabato,"Arizona,Midsayap,Cotabato"
247,124709005,Bagumba,,Midsayap,Cotabato,"Bagumba,Midsayap,Cotabato"
248,124709006,Baliki,,Midsayap,Cotabato,"Baliki,Midsayap,Cotabato"
249,124709007,Bitoka,,Midsayap,Cotabato,"Bitoka,Midsayap,Cotabato"
250,124709008,Bual Norte,,Midsayap,Cotabato,"Bual Norte,Midsayap,Cotabato"
251,124709009,Bual Sur,,Midsayap,Cotabato,"Bual Sur,Midsayap,Cotabato"
252,124709010,Central Bulanan,,Midsayap,Cotabato,"Central Bulanan,Midsayap,Cotabato"
253,124709011,Damatulan,,Midsayap,Cotabato,"Damatulan,Midsayap,Cotabato"
254,124709012,Central Glad,,Midsayap,Cotabato,"Central Glad,Midsayap,Cotabato"
255,124709013,Ilbocean,,Midsayap,Cotabato,"Ilbocean,Midsayap,Cotabato"
256,124709014,Kadigasan,,Midsayap,Cotabato,"Kadigasan,Midsayap,Cotabato"
257,124709015,Kadingilan,,Midsayap,Cotabato,"Kadingilan,Midsayap,Cotabato"
258,124709016,Kapinpilan,,Midsayap,Cotabato,"Kapinpilan,Midsayap,Cotabato"
259,124709017,Central Katingawan,,Midsayap,Cotabato,"Central Katingawan,Midsayap,Cotabato"
260,124709018,Kimagango,,Midsayap,Cotabato,"Kimagango,Midsayap,Cotabato"
261,124709019,Kudarangan,,Midsayap,Cotabato,"Kudarangan,Midsayap,Cotabato"
262,124709020,Central Labas,,Midsayap,Cotabato,"Central Labas,Midsayap,Cotabato"
263,124709021,Lagumbingan,,Midsayap,Cotabato,"Lagumbingan,Midsayap,Cotabato"
264,124709022,Lomopog,,Midsayap,Cotabato,"Lomopog,Midsayap,Cotabato"
265,124709023,Lower Glad,,Midsayap,Cotabato,"Lower Glad,Midsayap,Cotabato"
266,124709024,Lower Katingawan,,Midsayap,Cotabato,"Lower Katingawan,Midsayap,Cotabato"
267,124709025,Macasendeg,,Midsayap,Cotabato,"Macasendeg,Midsayap,Cotabato"
268,124709026,Malamote,,Midsayap,Cotabato,"Malamote,Midsayap,Cotabato"
269,124709027,Malingao,,Midsayap,Cotabato,"Malingao,Midsayap,Cotabato"
270,124709028,Milaya,,Midsayap,Cotabato,"Milaya,Midsayap,Cotabato"
271,124709029,Mudseng,,Midsayap,Cotabato,"Mudseng,Midsayap,Cotabato"
272,124709030,Nabalawag,,Midsayap,Cotabato,"Nabalawag,Midsayap,Cotabato"
273,124709031,Nalin,,Midsayap,Cotabato,"Nalin,Midsayap,Cotabato"
274,124709032,Nes,,Midsayap,Cotabato,"Nes,Midsayap,Cotabato"
275,124709033,Olandang,,Midsayap,Cotabato,"Olandang,Midsayap,Cotabato"
276,124709034,Patindeguen,,Midsayap,Cotabato,"Patindeguen,Midsayap,Cotabato"
277,124709035,Barangay Poblacion 1,,Midsayap,Cotabato,"Barangay Poblacion 1,Midsayap,Cotabato"
278,124709036,Barangay Poblacion 2,,Midsayap,Cotabato,"Barangay Poblacion 2,Midsayap,Cotabato"
279,124709037,Barangay Poblacion 3,,Midsayap,Cotabato,"Barangay Poblacion 3,Midsayap,Cotabato"
280,124709038,Barangay Poblacion 4,,Midsayap,Cotabato,"Barangay Poblacion 4,Midsayap,Cotabato"
281,124709039,Barangay Poblacion 5,,Midsayap,Cotabato,"Barangay Poblacion 5,Midsayap,Cotabato"
282,124709040,Barangay Poblacion 6,,Midsayap,Cotabato,"Barangay Poblacion 6,Midsayap,Cotabato"
283,124709041,Barangay Poblacion 7,,Midsayap,Cotabato,"Barangay Poblacion 7,Midsayap,Cotabato"
284,124709042,Barangay Poblacion 8,,Midsayap,Cotabato,"Barangay Poblacion 8,Midsayap,Cotabato"
285,124709043,Palongoguen,,Midsayap,Cotabato,"Palongoguen,Midsayap,Cotabato"
286,124709044,Rangaban,,Midsayap,Cotabato,"Rangaban,Midsayap,Cotabato"
287,124709045,Sadaan,,Midsayap,Cotabato,"Sadaan,Midsayap,Cotabato"
288,124709046,Salunayan,,Midsayap,Cotabato,"Salunayan,Midsayap,Cotabato"
289,124709047,Sambulawan,,Midsayap,Cotabato,"Sambulawan,Midsayap,Cotabato"
290,124709048,San Isidro,,Midsayap,Cotabato,"San Isidro,Midsayap,Cotabato"
291,124709049,Santa Cruz,,Midsayap,Cotabato,"Santa Cruz,Midsayap,Cotabato"
292,124709050,Tugal,,Midsayap,Cotabato,"Tugal,Midsayap,Cotabato"
293,124709051,Tumbras,,Midsayap,Cotabato,"Tumbras,Midsayap,Cotabato"
294,124709052,Bulanan Upper,,Midsayap,Cotabato,"Bulanan Upper,Midsayap,Cotabato"
295,124709053,Upper Glad I,,Midsayap,Cotabato,"Upper Glad I,Midsayap,Cotabato"
296,124709054,Upper Glad II,,Midsayap,Cotabato,"Upper Glad II,Midsayap,Cotabato"
297,124709055,Upper Labas,,Midsayap,Cotabato,"Upper Labas,Midsayap,Cotabato"
298,124709056,Villarica,,Midsayap,Cotabato,"Villarica,Midsayap,Cotabato"
299,124709057,Kiwanan,,Midsayap,Cotabato,"Kiwanan,Midsayap,Cotabato"
300,124709058,San Pedro,,Midsayap,Cotabato,"San Pedro,Midsayap,Cotabato"
301,124710000,M'LANG,,,Cotabato,"M'LANG,Cotabato"
302,124710001,Bagontapay,,M’lang,Cotabato,"Bagontapay,M’lang,Cotabato"
303,124710002,Bialong,,M’lang,Cotabato,"Bialong,M’lang,Cotabato"
304,124710003,Buayan,,M’lang,Cotabato,"Buayan,M’lang,Cotabato"
305,124710004,Calunasan,,M’lang,Cotabato,"Calunasan,M’lang,Cotabato"
306,124710005,Dalipe,,M’lang,Cotabato,"Dalipe,M’lang,Cotabato"
307,124710006,Dagong,,M’lang,Cotabato,"Dagong,M’lang,Cotabato"
308,124710007,Dungo-an,,M’lang,Cotabato,"Dungo-an,M’lang,Cotabato"
309,124710008,Gaunan,,M’lang,Cotabato,"Gaunan,M’lang,Cotabato"
310,124710009,Inas,,M’lang,Cotabato,"Inas,M’lang,Cotabato"
311,124710010,Katipunan,,M’lang,Cotabato,"Katipunan,M’lang,Cotabato"
312,124710011,La Fortuna,,M’lang,Cotabato,"La Fortuna,M’lang,Cotabato"
313,124710012,La Suerte,,M’lang,Cotabato,"La Suerte,M’lang,Cotabato"
314,124710013,Langkong,,M’lang,Cotabato,"Langkong,M’lang,Cotabato"
315,124710014,Lepaga,,M’lang,Cotabato,"Lepaga,M’lang,Cotabato"
316,124710015,Liboo,,M’lang,Cotabato,"Liboo,M’lang,Cotabato"
317,124710016,Lika,,M’lang,Cotabato,"Lika,M’lang,Cotabato"
318,124710017,Luz Village,,M’lang,Cotabato,"Luz Village,M’lang,Cotabato"
319,124710018,Magallon,,M’lang,Cotabato,"Magallon,M’lang,Cotabato"
320,124710019,Malayan,,M’lang,Cotabato,"Malayan,M’lang,Cotabato"
321,124710020,New Antique,,M’lang,Cotabato,"New Antique,M’lang,Cotabato"
322,124710021,New Barbaza,,M’lang,Cotabato,"New Barbaza,M’lang,Cotabato"
323,124710022,New Kalibo,,M’lang,Cotabato,"New Kalibo,M’lang,Cotabato"
324,124710024,New Consolacion,,M’lang,Cotabato,"New Consolacion,M’lang,Cotabato"
325,124710025,New Esperanza,,M’lang,Cotabato,"New Esperanza,M’lang,Cotabato"
326,124710026,New Janiuay,,M’lang,Cotabato,"New Janiuay,M’lang,Cotabato"
327,124710027,New Lawa-an,,M’lang,Cotabato,"New Lawa-an,M’lang,Cotabato"
328,124710028,New Rizal,,M’lang,Cotabato,"New Rizal,M’lang,Cotabato"
329,124710029,Nueva Vida,,M’lang,Cotabato,"Nueva Vida,M’lang,Cotabato"
330,124710030,Pag-asa,,M’lang,Cotabato,"Pag-asa,M’lang,Cotabato"
331,124710031,Poblacion,,M’lang,Cotabato,"Poblacion,M’lang,Cotabato"
332,124710032,Pulang-lupa,,M’lang,Cotabato,"Pulang-lupa,M’lang,Cotabato"
333,124710033,Sangat,,M’lang,Cotabato,"Sangat,M’lang,Cotabato"
334,124710034,Tawantawan,,M’lang,Cotabato,"Tawantawan,M’lang,Cotabato"
335,124710035,Tibao,,M’lang,Cotabato,"Tibao,M’lang,Cotabato"
336,124710036,Ugpay,,M’lang,Cotabato,"Ugpay,M’lang,Cotabato"
337,124710037,Palma-Perez,,M’lang,Cotabato,"Palma-Perez,M’lang,Cotabato"
338,124710038,Poblacion B,,M’lang,Cotabato,"Poblacion B,M’lang,Cotabato"
339,124711000,PIGKAWAYAN,,,Cotabato,"PIGKAWAYAN,Cotabato"
340,124711001,Anick (Upper Balogo),,Pigkawayan,Cotabato,"Anick (Upper Balogo),Pigkawayan,Cotabato"
341,124711002,Upper Baguer (Baguer),,Pigkawayan,Cotabato,"Upper Baguer (Baguer),Pigkawayan,Cotabato"
342,124711003,Balacayon,,Pigkawayan,Cotabato,"Balacayon,Pigkawayan,Cotabato"
343,124711004,Balogo,,Pigkawayan,Cotabato,"Balogo,Pigkawayan,Cotabato"
344,124711006,Banucagon,,Pigkawayan,Cotabato,"Banucagon,Pigkawayan,Cotabato"
345,124711007,Bulucaon,,Pigkawayan,Cotabato,"Bulucaon,Pigkawayan,Cotabato"
346,124711008,Buluan,,Pigkawayan,Cotabato,"Buluan,Pigkawayan,Cotabato"
347,124711009,Buricain,,Pigkawayan,Cotabato,"Buricain,Pigkawayan,Cotabato"
348,124711010,Capayuran,,Pigkawayan,Cotabato,"Capayuran,Pigkawayan,Cotabato"
349,124711011,Central Panatan,,Pigkawayan,Cotabato,"Central Panatan,Pigkawayan,Cotabato"
350,124711012,Datu Binasing,,Pigkawayan,Cotabato,"Datu Binasing,Pigkawayan,Cotabato"
351,124711013,Datu Mantil,,Pigkawayan,Cotabato,"Datu Mantil,Pigkawayan,Cotabato"
352,124711014,Kadingilan,,Pigkawayan,Cotabato,"Kadingilan,Pigkawayan,Cotabato"
353,124711015,Kimarayang,,Pigkawayan,Cotabato,"Kimarayang,Pigkawayan,Cotabato"
354,124711016,Libungan Torreta,,Pigkawayan,Cotabato,"Libungan Torreta,Pigkawayan,Cotabato"
355,124711017,Lower Baguer,,Pigkawayan,Cotabato,"Lower Baguer,Pigkawayan,Cotabato"
356,124711018,Lower Pangangkalan,,Pigkawayan,Cotabato,"Lower Pangangkalan,Pigkawayan,Cotabato"
357,124711019,Malagakit,,Pigkawayan,Cotabato,"Malagakit,Pigkawayan,Cotabato"
358,124711020,Maluao,,Pigkawayan,Cotabato,"Maluao,Pigkawayan,Cotabato"
359,124711021,North Manuangan,,Pigkawayan,Cotabato,"North Manuangan,Pigkawayan,Cotabato"
360,124711022,Matilac,,Pigkawayan,Cotabato,"Matilac,Pigkawayan,Cotabato"
361,124711023,Midpapan I,,Pigkawayan,Cotabato,"Midpapan I,Pigkawayan,Cotabato"
362,124711024,Mulok,,Pigkawayan,Cotabato,"Mulok,Pigkawayan,Cotabato"
363,124711025,New Culasi,,Pigkawayan,Cotabato,"New Culasi,Pigkawayan,Cotabato"
364,124711026,New Igbaras,,Pigkawayan,Cotabato,"New Igbaras,Pigkawayan,Cotabato"
365,124711027,New Panay,,Pigkawayan,Cotabato,"New Panay,Pigkawayan,Cotabato"
366,124711028,Upper Pangangkalan,,Pigkawayan,Cotabato,"Upper Pangangkalan,Pigkawayan,Cotabato"
367,124711029,Patot,,Pigkawayan,Cotabato,"Patot,Pigkawayan,Cotabato"
368,124711030,Payong-payong,,Pigkawayan,Cotabato,"Payong-payong,Pigkawayan,Cotabato"
369,124711031,Poblacion I,,Pigkawayan,Cotabato,"Poblacion I,Pigkawayan,Cotabato"
370,124711032,Poblacion II,,Pigkawayan,Cotabato,"Poblacion II,Pigkawayan,Cotabato"
371,124711033,Poblacion III,,Pigkawayan,Cotabato,"Poblacion III,Pigkawayan,Cotabato"
372,124711034,Presbitero,,Pigkawayan,Cotabato,"Presbitero,Pigkawayan,Cotabato"
373,124711035,Renibon,,Pigkawayan,Cotabato,"Renibon,Pigkawayan,Cotabato"
374,124711036,Simsiman,,Pigkawayan,Cotabato,"Simsiman,Pigkawayan,Cotabato"
375,124711037,South Manuangan,,Pigkawayan,Cotabato,"South Manuangan,Pigkawayan,Cotabato"
376,124711038,Tigbawan,,Pigkawayan,Cotabato,"Tigbawan,Pigkawayan,Cotabato"
377,124711039,Tubon,,Pigkawayan,Cotabato,"Tubon,Pigkawayan,Cotabato"
378,124711040,Midpapan II,,Pigkawayan,Cotabato,"Midpapan II,Pigkawayan,Cotabato"
379,124711041,Cabpangi,,Pigkawayan,Cotabato,"Cabpangi,Pigkawayan,Cotabato"
380,124712000,PIKIT,,,Cotabato,"PIKIT,Cotabato"
381,124712001,Bagoaingud (Bagoinged),,Pikit,Cotabato,"Bagoaingud (Bagoinged),Pikit,Cotabato"
382,124712003,Balabak,,Pikit,Cotabato,"Balabak,Pikit,Cotabato"
383,124712004,Balatican,,Pikit,Cotabato,"Balatican,Pikit,Cotabato"
384,124712005,Balong,,Pikit,Cotabato,"Balong,Pikit,Cotabato"
385,124712006,Balungis,,Pikit,Cotabato,"Balungis,Pikit,Cotabato"
386,124712007,Barungis,,Pikit,Cotabato,"Barungis,Pikit,Cotabato"
387,124712008,Batulawan,,Pikit,Cotabato,"Batulawan,Pikit,Cotabato"
388,124712009,Bualan,,Pikit,Cotabato,"Bualan,Pikit,Cotabato"
389,124712010,Buliok,,Pikit,Cotabato,"Buliok,Pikit,Cotabato"
390,124712011,Bulod,,Pikit,Cotabato,"Bulod,Pikit,Cotabato"
391,124712012,Bulol,,Pikit,Cotabato,"Bulol,Pikit,Cotabato"
392,124712013,Calawag,,Pikit,Cotabato,"Calawag,Pikit,Cotabato"
393,124712015,Dalingaoen (Lalingaon),,Pikit,Cotabato,"Dalingaoen (Lalingaon),Pikit,Cotabato"
394,124712016,Damalasak,,Pikit,Cotabato,"Damalasak,Pikit,Cotabato"
395,124712019,Fort Pikit,,Pikit,Cotabato,"Fort Pikit,Pikit,Cotabato"
396,124712020,Ginatilan,,Pikit,Cotabato,"Ginatilan,Pikit,Cotabato"
397,124712021,Gligli,,Pikit,Cotabato,"Gligli,Pikit,Cotabato"
398,124712022,Gokoton (Gokotan),,Pikit,Cotabato,"Gokoton (Gokotan),Pikit,Cotabato"
399,124712023,Inug-ug,,Pikit,Cotabato,"Inug-ug,Pikit,Cotabato"
400,124712024,Kabasalan,,Pikit,Cotabato,"Kabasalan,Pikit,Cotabato"
401,124712025,Kalacacan,,Pikit,Cotabato,"Kalacacan,Pikit,Cotabato"
402,124712026,Katilacan,,Pikit,Cotabato,"Katilacan,Pikit,Cotabato"
403,124712028,Kolambog,,Pikit,Cotabato,"Kolambog,Pikit,Cotabato"
404,124712029,Ladtingan,,Pikit,Cotabato,"Ladtingan,Pikit,Cotabato"
405,124712030,Lagunde,,Pikit,Cotabato,"Lagunde,Pikit,Cotabato"
406,124712031,Langayen,,Pikit,Cotabato,"Langayen,Pikit,Cotabato"
407,124712034,Macabual,,Pikit,Cotabato,"Macabual,Pikit,Cotabato"
408,124712035,Macasendeg,,Pikit,Cotabato,"Macasendeg,Pikit,Cotabato"
409,124712037,Manaulanan,,Pikit,Cotabato,"Manaulanan,Pikit,Cotabato"
410,124712040,Nabundas,,Pikit,Cotabato,"Nabundas,Pikit,Cotabato"
411,124712041,Nalapaan,,Pikit,Cotabato,"Nalapaan,Pikit,Cotabato"
412,124712044,Nunguan,,Pikit,Cotabato,"Nunguan,Pikit,Cotabato"
413,124712046,Paidu Pulangi,,Pikit,Cotabato,"Paidu Pulangi,Pikit,Cotabato"
414,124712048,Panicupan,,Pikit,Cotabato,"Panicupan,Pikit,Cotabato"
415,124712050,Poblacion,,Pikit,Cotabato,"Poblacion,Pikit,Cotabato"
416,124712051,Punol,,Pikit,Cotabato,"Punol,Pikit,Cotabato"
417,124712052,Rajah Muda,,Pikit,Cotabato,"Rajah Muda,Pikit,Cotabato"
418,124712055,Silik,,Pikit,Cotabato,"Silik,Pikit,Cotabato"
419,124712056,Takipan,,Pikit,Cotabato,"Takipan,Pikit,Cotabato"
420,124712057,Talitay,,Pikit,Cotabato,"Talitay,Pikit,Cotabato"
421,124712060,Tinutulan,,Pikit,Cotabato,"Tinutulan,Pikit,Cotabato"
422,124712062,Pamalian,,Pikit,Cotabato,"Pamalian,Pikit,Cotabato"
423,124713000,PRESIDENT ROXAS,,,Cotabato,"PRESIDENT ROXAS,Cotabato"
424,124713001,Alegria,,President Roxas,Cotabato,"Alegria,President Roxas,Cotabato"
425,124713002,Bato-bato,,President Roxas,Cotabato,"Bato-bato,President Roxas,Cotabato"
426,124713003,Del Carmen,,President Roxas,Cotabato,"Del Carmen,President Roxas,Cotabato"
427,124713005,F. Cajelo (New Maasin),,President Roxas,Cotabato,"F. Cajelo (New Maasin),President Roxas,Cotabato"
428,124713006,Idaoman,,President Roxas,Cotabato,"Idaoman,President Roxas,Cotabato"
429,124713007,Ilustre,,President Roxas,Cotabato,"Ilustre,President Roxas,Cotabato"
430,124713008,Kamarahan,,President Roxas,Cotabato,"Kamarahan,President Roxas,Cotabato"
431,124713009,Camasi,,President Roxas,Cotabato,"Camasi,President Roxas,Cotabato"
432,124713011,Kisupaan,,President Roxas,Cotabato,"Kisupaan,President Roxas,Cotabato"
433,124713012,La Esperanza,,President Roxas,Cotabato,"La Esperanza,President Roxas,Cotabato"
434,124713013,Labu-o,,President Roxas,Cotabato,"Labu-o,President Roxas,Cotabato"
435,124713014,Lamalama,,President Roxas,Cotabato,"Lamalama,President Roxas,Cotabato"
436,124713016,Lomonay,,President Roxas,Cotabato,"Lomonay,President Roxas,Cotabato"
437,124713022,New Cebu,,President Roxas,Cotabato,"New Cebu,President Roxas,Cotabato"
438,124713024,Poblacion,,President Roxas,Cotabato,"Poblacion,President Roxas,Cotabato"
439,124713026,Sagcungan,,President Roxas,Cotabato,"Sagcungan,President Roxas,Cotabato"
440,124713027,Salat,,President Roxas,Cotabato,"Salat,President Roxas,Cotabato"
441,124713028,Sarayan,,President Roxas,Cotabato,"Sarayan,President Roxas,Cotabato"
442,124713029,Tuael,,President Roxas,Cotabato,"Tuael,President Roxas,Cotabato"
443,124713030,Greenhill,,President Roxas,Cotabato,"Greenhill,President Roxas,Cotabato"
444,124713031,Cabangbangan,,President Roxas,Cotabato,"Cabangbangan,President Roxas,Cotabato"
445,124713032,Datu Indang,,President Roxas,Cotabato,"Datu Indang,President Roxas,Cotabato"
446,124713033,Datu Sandongan,,President Roxas,Cotabato,"Datu Sandongan,President Roxas,Cotabato"
447,124713034,Kimaruhing,,President Roxas,Cotabato,"Kimaruhing,President Roxas,Cotabato"
448,124713035,Mabuhay,,President Roxas,Cotabato,"Mabuhay,President Roxas,Cotabato"
449,124714000,TULUNAN,,,Cotabato,"TULUNAN,Cotabato"
450,124714001,Bagumbayan,,Tulunan,Cotabato,"Bagumbayan,Tulunan,Cotabato"
451,124714002,Banayal,,Tulunan,Cotabato,"Banayal,Tulunan,Cotabato"
452,124714003,Batang,,Tulunan,Cotabato,"Batang,Tulunan,Cotabato"
453,124714004,Bituan,,Tulunan,Cotabato,"Bituan,Tulunan,Cotabato"
454,124714005,Bual,,Tulunan,Cotabato,"Bual,Tulunan,Cotabato"
455,124714006,Daig,,Tulunan,Cotabato,"Daig,Tulunan,Cotabato"
456,124714007,Damawato,,Tulunan,Cotabato,"Damawato,Tulunan,Cotabato"
457,124714008,Dungos,,Tulunan,Cotabato,"Dungos,Tulunan,Cotabato"
458,124714009,Kanibong,,Tulunan,Cotabato,"Kanibong,Tulunan,Cotabato"
459,124714010,La Esperanza,,Tulunan,Cotabato,"La Esperanza,Tulunan,Cotabato"
460,124714011,Lampagang,,Tulunan,Cotabato,"Lampagang,Tulunan,Cotabato"
461,124714012,Bunawan,,Tulunan,Cotabato,"Bunawan,Tulunan,Cotabato"
462,124714013,Magbok,,Tulunan,Cotabato,"Magbok,Tulunan,Cotabato"
463,124714014,Maybula,,Tulunan,Cotabato,"Maybula,Tulunan,Cotabato"
464,124714015,Minapan,,Tulunan,Cotabato,"Minapan,Tulunan,Cotabato"
465,124714016,New Caridad,,Tulunan,Cotabato,"New Caridad,Tulunan,Cotabato"
466,124714017,New Culasi,,Tulunan,Cotabato,"New Culasi,Tulunan,Cotabato"
467,124714018,New Panay,,Tulunan,Cotabato,"New Panay,Tulunan,Cotabato"
468,124714019,Paraiso,,Tulunan,Cotabato,"Paraiso,Tulunan,Cotabato"
469,124714020,Poblacion,,Tulunan,Cotabato,"Poblacion,Tulunan,Cotabato"
470,124714021,Popoyon,,Tulunan,Cotabato,"Popoyon,Tulunan,Cotabato"
471,124714022,Sibsib,,Tulunan,Cotabato,"Sibsib,Tulunan,Cotabato"
472,124714023,Tambac,,Tulunan,Cotabato,"Tambac,Tulunan,Cotabato"
473,124714024,Tuburan,,Tulunan,Cotabato,"Tuburan,Tulunan,Cotabato"
474,124714026,F. Cajelo,,Tulunan,Cotabato,"F. Cajelo,Tulunan,Cotabato"
475,124714027,Bacong,,Tulunan,Cotabato,"Bacong,Tulunan,Cotabato"
476,124714028,Galidan,,Tulunan,Cotabato,"Galidan,Tulunan,Cotabato"
477,124714029,Genoveva Baynosa,,Tulunan,Cotabato,"Genoveva Baynosa,Tulunan,Cotabato"
478,124714030,Nabundasan,,Tulunan,Cotabato,"Nabundasan,Tulunan,Cotabato"
479,124715000,ANTIPAS,,,Cotabato,"ANTIPAS,Cotabato"
480,124715001,Camutan,,Antipas,Cotabato,"Camutan,Antipas,Cotabato"
481,124715002,Canaan,,Antipas,Cotabato,"Canaan,Antipas,Cotabato"
482,124715003,Dolores,,Antipas,Cotabato,"Dolores,Antipas,Cotabato"
483,124715004,Kiyaab,,Antipas,Cotabato,"Kiyaab,Antipas,Cotabato"
484,124715005,Luhong,,Antipas,Cotabato,"Luhong,Antipas,Cotabato"
485,124715006,Magsaysay,,Antipas,Cotabato,"Magsaysay,Antipas,Cotabato"
486,124715007,Malangag,,Antipas,Cotabato,"Malangag,Antipas,Cotabato"
487,124715008,Malatad,,Antipas,Cotabato,"Malatad,Antipas,Cotabato"
488,124715009,Malire,,Antipas,Cotabato,"Malire,Antipas,Cotabato"
489,124715010,New Pontevedra,,Antipas,Cotabato,"New Pontevedra,Antipas,Cotabato"
490,124715011,Poblacion,,Antipas,Cotabato,"Poblacion,Antipas,Cotabato"
491,124715012,B. Cadungon,,Antipas,Cotabato,"B. Cadungon,Antipas,Cotabato"
492,124715013,Datu Agod,,Antipas,Cotabato,"Datu Agod,Antipas,Cotabato"
493,124716000,BANISILAN,,,Cotabato,"BANISILAN,Cotabato"
494,124716001,Banisilan Poblacion,,Banisilan,Cotabato,"Banisilan Poblacion,Banisilan,Cotabato"
495,124716002,Busaon,,Banisilan,Cotabato,"Busaon,Banisilan,Cotabato"
496,124716003,Capayangan,,Banisilan,Cotabato,"Capayangan,Banisilan,Cotabato"
497,124716004,Carugmanan,,Banisilan,Cotabato,"Carugmanan,Banisilan,Cotabato"
498,124716005,Gastay,,Banisilan,Cotabato,"Gastay,Banisilan,Cotabato"
499,124716006,Kalawaig,,Banisilan,Cotabato,"Kalawaig,Banisilan,Cotabato"
500,124716007,Kiaring,,Banisilan,Cotabato,"Kiaring,Banisilan,Cotabato"
501,124716008,Malagap,,Banisilan,Cotabato,"Malagap,Banisilan,Cotabato"
502,124716009,Malinao,,Banisilan,Cotabato,"Malinao,Banisilan,Cotabato"
503,124716010,Miguel Macasarte,,Banisilan,Cotabato,"Miguel Macasarte,Banisilan,Cotabato"
504,124716011,Pantar,,Banisilan,Cotabato,"Pantar,Banisilan,Cotabato"
505,124716012,Paradise,,Banisilan,Cotabato,"Paradise,Banisilan,Cotabato"
506,124716013,Pinamulaan,,Banisilan,Cotabato,"Pinamulaan,Banisilan,Cotabato"
507,124716014,Poblacion II,,Banisilan,Cotabato,"Poblacion II,Banisilan,Cotabato"
508,124716015,Puting-bato,,Banisilan,Cotabato,"Puting-bato,Banisilan,Cotabato"
509,124716016,Solama,,Banisilan,Cotabato,"Solama,Banisilan,Cotabato"
510,124716017,Thailand,,Banisilan,Cotabato,"Thailand,Banisilan,Cotabato"
511,124716018,Tinimbacan,,Banisilan,Cotabato,"Tinimbacan,Banisilan,Cotabato"
512,124716019,Tumbao-Camalig,,Banisilan,Cotabato,"Tumbao-Camalig,Banisilan,Cotabato"
513,124716020,Wadya,,Banisilan,Cotabato,"Wadya,Banisilan,Cotabato"
514,124717000,ALEOSAN,,,Cotabato,"ALEOSAN,Cotabato"
515,124717001,Bagolibas,,Aleosan,Cotabato,"Bagolibas,Aleosan,Cotabato"
516,124717002,Cawilihan,,Aleosan,Cotabato,"Cawilihan,Aleosan,Cotabato"
517,124717003,Dualing,,Aleosan,Cotabato,"Dualing,Aleosan,Cotabato"
518,124717004,Dunguan,,Aleosan,Cotabato,"Dunguan,Aleosan,Cotabato"
519,124717005,Katalicanan,,Aleosan,Cotabato,"Katalicanan,Aleosan,Cotabato"
520,124717006,Lawili,,Aleosan,Cotabato,"Lawili,Aleosan,Cotabato"
521,124717007,Lower Mingading,,Aleosan,Cotabato,"Lower Mingading,Aleosan,Cotabato"
522,124717008,Luanan,,Aleosan,Cotabato,"Luanan,Aleosan,Cotabato"
523,124717009,Malapang,,Aleosan,Cotabato,"Malapang,Aleosan,Cotabato"
524,124717010,New Leon,,Aleosan,Cotabato,"New Leon,Aleosan,Cotabato"
525,124717011,New Panay,,Aleosan,Cotabato,"New Panay,Aleosan,Cotabato"
526,124717012,Pagangan,,Aleosan,Cotabato,"Pagangan,Aleosan,Cotabato"
527,124717013,Palacat,,Aleosan,Cotabato,"Palacat,Aleosan,Cotabato"
528,124717014,Pentil,,Aleosan,Cotabato,"Pentil,Aleosan,Cotabato"
529,124717015,San Mateo,,Aleosan,Cotabato,"San Mateo,Aleosan,Cotabato"
530,124717016,Santa Cruz,,Aleosan,Cotabato,"Santa Cruz,Aleosan,Cotabato"
531,124717017,Tapodoc,,Aleosan,Cotabato,"Tapodoc,Aleosan,Cotabato"
532,124717018,Tomado,,Aleosan,Cotabato,"Tomado,Aleosan,Cotabato"
533,124717019,Upper Mingading,,Aleosan,Cotabato,"Upper Mingading,Aleosan,Cotabato"
534,124718000,ARAKAN,,,Cotabato,"ARAKAN,Cotabato"
535,124718001,Allab,,Arakan,Cotabato,"Allab,Arakan,Cotabato"
536,124718002,Anapolon,,Arakan,Cotabato,"Anapolon,Arakan,Cotabato"
537,124718003,Badiangon,,Arakan,Cotabato,"Badiangon,Arakan,Cotabato"
538,124718004,Binoongan,,Arakan,Cotabato,"Binoongan,Arakan,Cotabato"
539,124718005,Dallag,,Arakan,Cotabato,"Dallag,Arakan,Cotabato"
540,124718006,Datu Ladayon,,Arakan,Cotabato,"Datu Ladayon,Arakan,Cotabato"
541,124718007,Datu Matangkil,,Arakan,Cotabato,"Datu Matangkil,Arakan,Cotabato"
542,124718008,Doroluman,,Arakan,Cotabato,"Doroluman,Arakan,Cotabato"
543,124718009,Gambodes,,Arakan,Cotabato,"Gambodes,Arakan,Cotabato"
544,124718010,Ganatan,,Arakan,Cotabato,"Ganatan,Arakan,Cotabato"
545,124718011,Greenfield,,Arakan,Cotabato,"Greenfield,Arakan,Cotabato"
546,124718012,Kabalantian,,Arakan,Cotabato,"Kabalantian,Arakan,Cotabato"
547,124718013,Katipunan,,Arakan,Cotabato,"Katipunan,Arakan,Cotabato"
548,124718014,Kinawayan,,Arakan,Cotabato,"Kinawayan,Arakan,Cotabato"
549,124718015,Kulaman Valley,,Arakan,Cotabato,"Kulaman Valley,Arakan,Cotabato"
550,124718016,Lanao Kuran,,Arakan,Cotabato,"Lanao Kuran,Arakan,Cotabato"
551,124718017,Libertad,,Arakan,Cotabato,"Libertad,Arakan,Cotabato"
552,124718018,Makalangot,,Arakan,Cotabato,"Makalangot,Arakan,Cotabato"
553,124718019,Malibatuan,,Arakan,Cotabato,"Malibatuan,Arakan,Cotabato"
554,124718020,Maria Caridad,,Arakan,Cotabato,"Maria Caridad,Arakan,Cotabato"
555,124718021,Meocan,,Arakan,Cotabato,"Meocan,Arakan,Cotabato"
556,124718022,Naje,,Arakan,Cotabato,"Naje,Arakan,Cotabato"
557,124718023,Napalico,,Arakan,Cotabato,"Napalico,Arakan,Cotabato"
558,124718024,Salasang,,Arakan,Cotabato,"Salasang,Arakan,Cotabato"
559,124718025,San Miguel,,Arakan,Cotabato,"San Miguel,Arakan,Cotabato"
560,124718026,Santo Niño,,Arakan,Cotabato,"Santo Niño,Arakan,Cotabato"
561,124718027,Sumalili,,Arakan,Cotabato,"Sumalili,Arakan,Cotabato"
562,124718028,Tumanding,,Arakan,Cotabato,"Tumanding,Arakan,Cotabato"
563,126300000,SOUTH COTABATO,,,,SOUTH COTABATO
564,126302000,BANGA,,,South Cotabato,"BANGA,South Cotabato"
565,126302002,Benitez (Pob.),,Banga,South Cotabato,"Benitez (Pob.),Banga,South Cotabato"
566,126302003,Cabudian,,Banga,South Cotabato,"Cabudian,Banga,South Cotabato"
567,126302004,Cabuling,,Banga,South Cotabato,"Cabuling,Banga,South Cotabato"
568,126302005,Cinco (Barrio 5),,Banga,South Cotabato,"Cinco (Barrio 5),Banga,South Cotabato"
569,126302006,Derilon,,Banga,South Cotabato,"Derilon,Banga,South Cotabato"
570,126302007,El Nonok,,Banga,South Cotabato,"El Nonok,Banga,South Cotabato"
571,126302008,Improgo Village (Pob.),,Banga,South Cotabato,"Improgo Village (Pob.),Banga,South Cotabato"
572,126302009,Kusan (Barrio 8),,Banga,South Cotabato,"Kusan (Barrio 8),Banga,South Cotabato"
573,126302010,Lam-Apos,,Banga,South Cotabato,"Lam-Apos,Banga,South Cotabato"
574,126302011,Lamba,,Banga,South Cotabato,"Lamba,Banga,South Cotabato"
575,126302012,Lambingi,,Banga,South Cotabato,"Lambingi,Banga,South Cotabato"
576,126302013,Lampari,,Banga,South Cotabato,"Lampari,Banga,South Cotabato"
577,126302014,Liwanay (Barrio 1),,Banga,South Cotabato,"Liwanay (Barrio 1),Banga,South Cotabato"
578,126302015,Malaya (Barrio 9),,Banga,South Cotabato,"Malaya (Barrio 9),Banga,South Cotabato"
579,126302016,Punong Grande (Barrio 2),,Banga,South Cotabato,"Punong Grande (Barrio 2),Banga,South Cotabato"
580,126302017,Rang-ay (Barrio 4),,Banga,South Cotabato,"Rang-ay (Barrio 4),Banga,South Cotabato"
581,126302018,Reyes (Pob.),,Banga,South Cotabato,"Reyes (Pob.),Banga,South Cotabato"
582,126302019,Rizal (Barrio 3),,Banga,South Cotabato,"Rizal (Barrio 3),Banga,South Cotabato"
583,126302020,Rizal Poblacion,,Banga,South Cotabato,"Rizal Poblacion,Banga,South Cotabato"
584,126302021,San Jose (Barrio 7),,Banga,South Cotabato,"San Jose (Barrio 7),Banga,South Cotabato"
585,126302022,San Vicente (Barrio 6),,Banga,South Cotabato,"San Vicente (Barrio 6),Banga,South Cotabato"
586,126302024,Yangco Poblacion,,Banga,South Cotabato,"Yangco Poblacion,Banga,South Cotabato"
587,126303000,CITY OF GENERAL SANTOS (DADIANGAS),,,South Cotabato,"CITY OF GENERAL SANTOS (DADIANGAS),South Cotabato"
588,126303003,Baluan,,General Santos,South Cotabato,"Baluan,General Santos,South Cotabato"
589,126303004,Buayan,,General Santos,South Cotabato,"Buayan,General Santos,South Cotabato"
590,126303005,Bula,,General Santos,South Cotabato,"Bula,General Santos,South Cotabato"
591,126303006,Conel,,General Santos,South Cotabato,"Conel,General Santos,South Cotabato"
592,126303007,Dadiangas East (Pob.),,General Santos,South Cotabato,"Dadiangas East (Pob.),General Santos,South Cotabato"
593,126303009,Katangawan,,General Santos,South Cotabato,"Katangawan,General Santos,South Cotabato"
594,126303011,Lagao (1st & 3rd),,General Santos,South Cotabato,"Lagao (1st & 3rd),General Santos,South Cotabato"
595,126303012,Labangal,,General Santos,South Cotabato,"Labangal,General Santos,South Cotabato"
596,126303015,Ligaya,,General Santos,South Cotabato,"Ligaya,General Santos,South Cotabato"
597,126303016,Mabuhay,,General Santos,South Cotabato,"Mabuhay,General Santos,South Cotabato"
598,126303023,San Isidro (Lagao 2nd),,General Santos,South Cotabato,"San Isidro (Lagao 2nd),General Santos,South Cotabato"
599,126303024,San Jose,,General Santos,South Cotabato,"San Jose,General Santos,South Cotabato"
600,126303026,Sinawal,,General Santos,South Cotabato,"Sinawal,General Santos,South Cotabato"
601,126303027,Tambler,,General Santos,South Cotabato,"Tambler,General Santos,South Cotabato"
602,126303028,Tinagacan,,General Santos,South Cotabato,"Tinagacan,General Santos,South Cotabato"
603,126303029,Apopong,,General Santos,South Cotabato,"Apopong,General Santos,South Cotabato"
604,126303030,Siguel,,General Santos,South Cotabato,"Siguel,General Santos,South Cotabato"
605,126303031,Upper Labay,,General Santos,South Cotabato,"Upper Labay,General Santos,South Cotabato"
606,126303032,Batomelong,,General Santos,South Cotabato,"Batomelong,General Santos,South Cotabato"
607,126303033,Calumpang,,General Santos,South Cotabato,"Calumpang,General Santos,South Cotabato"
608,126303034,City Heights,,General Santos,South Cotabato,"City Heights,General Santos,South Cotabato"
609,126303035,Dadiangas North,,General Santos,South Cotabato,"Dadiangas North,General Santos,South Cotabato"
610,126303036,Dadiangas South,,General Santos,South Cotabato,"Dadiangas South,General Santos,South Cotabato"
611,126303037,Dadiangas West,,General Santos,South Cotabato,"Dadiangas West,General Santos,South Cotabato"
612,126303038,Fatima,,General Santos,South Cotabato,"Fatima,General Santos,South Cotabato"
613,126303039,Olympog,,General Santos,South Cotabato,"Olympog,General Santos,South Cotabato"
614,126306000,CITY OF KORONADAL (Capital),,,South Cotabato,"CITY OF KORONADAL (Capital),South Cotabato"
615,126306001,Assumption (Bulol),,Koronadal,South Cotabato,"Assumption (Bulol),Koronadal,South Cotabato"
616,126306002,Avanceña (Bo. 3),,Koronadal,South Cotabato,"Avanceña (Bo. 3),Koronadal,South Cotabato"
617,126306003,Cacub,,Koronadal,South Cotabato,"Cacub,Koronadal,South Cotabato"
618,126306004,Caloocan,,Koronadal,South Cotabato,"Caloocan,Koronadal,South Cotabato"
619,126306005,Carpenter Hill,,Koronadal,South Cotabato,"Carpenter Hill,Koronadal,South Cotabato"
620,126306006,Concepcion (Bo. 6),,Koronadal,South Cotabato,"Concepcion (Bo. 6),Koronadal,South Cotabato"
621,126306007,Esperanza,,Koronadal,South Cotabato,"Esperanza,Koronadal,South Cotabato"
622,126306008,General Paulino Santos (Bo. 1),,Koronadal,South Cotabato,"General Paulino Santos (Bo. 1),Koronadal,South Cotabato"
623,126306009,Mabini,,Koronadal,South Cotabato,"Mabini,Koronadal,South Cotabato"
624,126306010,Magsaysay,,Koronadal,South Cotabato,"Magsaysay,Koronadal,South Cotabato"
625,126306011,Mambucal,,Koronadal,South Cotabato,"Mambucal,Koronadal,South Cotabato"
626,126306012,Morales,,Koronadal,South Cotabato,"Morales,Koronadal,South Cotabato"
627,126306013,Namnama,,Koronadal,South Cotabato,"Namnama,Koronadal,South Cotabato"
628,126306014,New Pangasinan (Bo. 4),,Koronadal,South Cotabato,"New Pangasinan (Bo. 4),Koronadal,South Cotabato"
629,126306015,Paraiso,,Koronadal,South Cotabato,"Paraiso,Koronadal,South Cotabato"
630,126306016,Zone I (Pob.),,Koronadal,South Cotabato,"Zone I (Pob.),Koronadal,South Cotabato"
631,126306017,Zone II (Pob.),,Koronadal,South Cotabato,"Zone II (Pob.),Koronadal,South Cotabato"
632,126306018,Zone III (Pob.),,Koronadal,South Cotabato,"Zone III (Pob.),Koronadal,South Cotabato"
633,126306019,Zone IV (Pob.),,Koronadal,South Cotabato,"Zone IV (Pob.),Koronadal,South Cotabato"
634,126306020,Rotonda,,Koronadal,South Cotabato,"Rotonda,Koronadal,South Cotabato"
635,126306021,San Isidro,,Koronadal,South Cotabato,"San Isidro,Koronadal,South Cotabato"
636,126306022,San Jose (Bo. 5),,Koronadal,South Cotabato,"San Jose (Bo. 5),Koronadal,South Cotabato"
637,126306023,San Roque,,Koronadal,South Cotabato,"San Roque,Koronadal,South Cotabato"
638,126306024,Santa Cruz,,Koronadal,South Cotabato,"Santa Cruz,Koronadal,South Cotabato"
639,126306025,Santo Niño (Bo. 2),,Koronadal,South Cotabato,"Santo Niño (Bo. 2),Koronadal,South Cotabato"
640,126306026,Sarabia (Bo. 8),,Koronadal,South Cotabato,"Sarabia (Bo. 8),Koronadal,South Cotabato"
641,126306027,Zulueta (Bo. 7),,Koronadal,South Cotabato,"Zulueta (Bo. 7),Koronadal,South Cotabato"
642,126311000,NORALA,,,South Cotabato,"NORALA,South Cotabato"
643,126311002,Dumaguil,,Norala,South Cotabato,"Dumaguil,Norala,South Cotabato"
644,126311003,Esperanza,,Norala,South Cotabato,"Esperanza,Norala,South Cotabato"
645,126311006,Kibid,,Norala,South Cotabato,"Kibid,Norala,South Cotabato"
646,126311007,Lapuz,,Norala,South Cotabato,"Lapuz,Norala,South Cotabato"
647,126311008,Liberty,,Norala,South Cotabato,"Liberty,Norala,South Cotabato"
648,126311009,Lopez Jaena,,Norala,South Cotabato,"Lopez Jaena,Norala,South Cotabato"
649,126311011,Matapol,,Norala,South Cotabato,"Matapol,Norala,South Cotabato"
650,126311013,Poblacion,,Norala,South Cotabato,"Poblacion,Norala,South Cotabato"
651,126311014,Puti,,Norala,South Cotabato,"Puti,Norala,South Cotabato"
652,126311016,San Jose,,Norala,South Cotabato,"San Jose,Norala,South Cotabato"
653,126311017,San Miguel,,Norala,South Cotabato,"San Miguel,Norala,South Cotabato"
654,126311020,Simsiman,,Norala,South Cotabato,"Simsiman,Norala,South Cotabato"
655,126311021,Tinago,,Norala,South Cotabato,"Tinago,Norala,South Cotabato"
656,126311022,"Benigno Aquino, Jr.",,Norala,South Cotabato,"Benigno Aquino, Jr.,Norala,South Cotabato"
657,126312000,POLOMOLOK,,,South Cotabato,"POLOMOLOK,South Cotabato"
658,126312001,Bentung,,Polomolok,South Cotabato,"Bentung,Polomolok,South Cotabato"
659,126312002,Crossing Palkan,,Polomolok,South Cotabato,"Crossing Palkan,Polomolok,South Cotabato"
660,126312003,Glamang,,Polomolok,South Cotabato,"Glamang,Polomolok,South Cotabato"
661,126312004,Kinilis,,Polomolok,South Cotabato,"Kinilis,Polomolok,South Cotabato"
662,126312005,Klinan 6,,Polomolok,South Cotabato,"Klinan 6,Polomolok,South Cotabato"
663,126312006,Koronadal Proper,,Polomolok,South Cotabato,"Koronadal Proper,Polomolok,South Cotabato"
664,126312007,Lam-Caliaf,,Polomolok,South Cotabato,"Lam-Caliaf,Polomolok,South Cotabato"
665,126312008,Landan,,Polomolok,South Cotabato,"Landan,Polomolok,South Cotabato"
666,126312009,Lumakil,,Polomolok,South Cotabato,"Lumakil,Polomolok,South Cotabato"
667,126312011,Maligo,,Polomolok,South Cotabato,"Maligo,Polomolok,South Cotabato"
668,126312013,Palkan,,Polomolok,South Cotabato,"Palkan,Polomolok,South Cotabato"
669,126312014,Poblacion,,Polomolok,South Cotabato,"Poblacion,Polomolok,South Cotabato"
670,126312015,Polo,,Polomolok,South Cotabato,"Polo,Polomolok,South Cotabato"
671,126312016,Magsaysay,,Polomolok,South Cotabato,"Magsaysay,Polomolok,South Cotabato"
672,126312017,Rubber,,Polomolok,South Cotabato,"Rubber,Polomolok,South Cotabato"
673,126312018,Silway 7,,Polomolok,South Cotabato,"Silway 7,Polomolok,South Cotabato"
674,126312019,Silway 8,,Polomolok,South Cotabato,"Silway 8,Polomolok,South Cotabato"
675,126312020,Sulit,,Polomolok,South Cotabato,"Sulit,Polomolok,South Cotabato"
676,126312021,Sumbakil,,Polomolok,South Cotabato,"Sumbakil,Polomolok,South Cotabato"
677,126312022,Upper Klinan,,Polomolok,South Cotabato,"Upper Klinan,Polomolok,South Cotabato"
678,126312023,Lapu,,Polomolok,South Cotabato,"Lapu,Polomolok,South Cotabato"
679,126312024,Cannery Site,,Polomolok,South Cotabato,"Cannery Site,Polomolok,South Cotabato"
680,126312025,Pagalungan,,Polomolok,South Cotabato,"Pagalungan,Polomolok,South Cotabato"
681,126313000,SURALLAH,,,South Cotabato,"SURALLAH,South Cotabato"
682,126313002,Buenavista,,Surallah,South Cotabato,"Buenavista,Surallah,South Cotabato"
683,126313003,Centrala,,Surallah,South Cotabato,"Centrala,Surallah,South Cotabato"
684,126313004,Colongulo,,Surallah,South Cotabato,"Colongulo,Surallah,South Cotabato"
685,126313005,Dajay,,Surallah,South Cotabato,"Dajay,Surallah,South Cotabato"
686,126313006,Duengas,,Surallah,South Cotabato,"Duengas,Surallah,South Cotabato"
687,126313008,Canahay (Godwino),,Surallah,South Cotabato,"Canahay (Godwino),Surallah,South Cotabato"
688,126313014,Lambontong,,Surallah,South Cotabato,"Lambontong,Surallah,South Cotabato"
689,126313017,Lamian,,Surallah,South Cotabato,"Lamian,Surallah,South Cotabato"
690,126313018,Lamsugod,,Surallah,South Cotabato,"Lamsugod,Surallah,South Cotabato"
691,126313019,Libertad (Pob.),,Surallah,South Cotabato,"Libertad (Pob.),Surallah,South Cotabato"
692,126313020,Little Baguio,,Surallah,South Cotabato,"Little Baguio,Surallah,South Cotabato"
693,126313023,Moloy,,Surallah,South Cotabato,"Moloy,Surallah,South Cotabato"
694,126313024,Naci (Doce),,Surallah,South Cotabato,"Naci (Doce),Surallah,South Cotabato"
695,126313028,Talahik,,Surallah,South Cotabato,"Talahik,Surallah,South Cotabato"
696,126313030,Tubiala,,Surallah,South Cotabato,"Tubiala,Surallah,South Cotabato"
697,126313031,Upper Sepaka,,Surallah,South Cotabato,"Upper Sepaka,Surallah,South Cotabato"
698,126313032,Veterans,,Surallah,South Cotabato,"Veterans,Surallah,South Cotabato"
699,126314000,TAMPAKAN,,,South Cotabato,"TAMPAKAN,South Cotabato"
700,126314001,Albagan,,Tampakan,South Cotabato,"Albagan,Tampakan,South Cotabato"
701,126314002,Kipalbig,,Tampakan,South Cotabato,"Kipalbig,Tampakan,South Cotabato"
702,126314003,Lambayong,,Tampakan,South Cotabato,"Lambayong,Tampakan,South Cotabato"
703,126314004,Liberty,,Tampakan,South Cotabato,"Liberty,Tampakan,South Cotabato"
704,126314005,Maltana,,Tampakan,South Cotabato,"Maltana,Tampakan,South Cotabato"
705,126314006,Poblacion,,Tampakan,South Cotabato,"Poblacion,Tampakan,South Cotabato"
706,126314007,Tablu,,Tampakan,South Cotabato,"Tablu,Tampakan,South Cotabato"
707,126314008,Buto,,Tampakan,South Cotabato,"Buto,Tampakan,South Cotabato"
708,126314009,Lampitak,,Tampakan,South Cotabato,"Lampitak,Tampakan,South Cotabato"
709,126314010,Palo,,Tampakan,South Cotabato,"Palo,Tampakan,South Cotabato"
710,126314011,Pula-bato,,Tampakan,South Cotabato,"Pula-bato,Tampakan,South Cotabato"
711,126314012,Danlag,,Tampakan,South Cotabato,"Danlag,Tampakan,South Cotabato"
712,126314013,San Isidro,,Tampakan,South Cotabato,"San Isidro,Tampakan,South Cotabato"
713,126314014,Santa Cruz,,Tampakan,South Cotabato,"Santa Cruz,Tampakan,South Cotabato"
714,126315000,TANTANGAN,,,South Cotabato,"TANTANGAN,South Cotabato"
715,126315001,Bukay Pait,,Tantangan,South Cotabato,"Bukay Pait,Tantangan,South Cotabato"
716,126315002,Cabuling,,Tantangan,South Cotabato,"Cabuling,Tantangan,South Cotabato"
717,126315003,Dumadalig,,Tantangan,South Cotabato,"Dumadalig,Tantangan,South Cotabato"
718,126315004,Libas,,Tantangan,South Cotabato,"Libas,Tantangan,South Cotabato"
719,126315005,Magon,,Tantangan,South Cotabato,"Magon,Tantangan,South Cotabato"
720,126315006,Maibo,,Tantangan,South Cotabato,"Maibo,Tantangan,South Cotabato"
721,126315007,Mangilala,,Tantangan,South Cotabato,"Mangilala,Tantangan,South Cotabato"
722,126315008,New Iloilo,,Tantangan,South Cotabato,"New Iloilo,Tantangan,South Cotabato"
723,126315009,New Lambunao,,Tantangan,South Cotabato,"New Lambunao,Tantangan,South Cotabato"
724,126315010,Poblacion,,Tantangan,South Cotabato,"Poblacion,Tantangan,South Cotabato"
725,126315011,San Felipe,,Tantangan,South Cotabato,"San Felipe,Tantangan,South Cotabato"
726,126315012,New Cuyapo,,Tantangan,South Cotabato,"New Cuyapo,Tantangan,South Cotabato"
727,126315013,Tinongcop,,Tantangan,South Cotabato,"Tinongcop,Tantangan,South Cotabato"
728,126316000,T'BOLI,,,South Cotabato,"T'BOLI,South Cotabato"
729,126316001,Basag,,T’Boli,South Cotabato,"Basag,T’Boli,South Cotabato"
730,126316002,Edwards (Pob.),,T’Boli,South Cotabato,"Edwards (Pob.),T’Boli,South Cotabato"
731,126316004,Kematu,,T’Boli,South Cotabato,"Kematu,T’Boli,South Cotabato"
732,126316005,Laconon,,T’Boli,South Cotabato,"Laconon,T’Boli,South Cotabato"
733,126316008,Lamsalome,,T’Boli,South Cotabato,"Lamsalome,T’Boli,South Cotabato"
734,126316011,New Dumangas,,T’Boli,South Cotabato,"New Dumangas,T’Boli,South Cotabato"
735,126316012,Sinolon,,T’Boli,South Cotabato,"Sinolon,T’Boli,South Cotabato"
736,126316014,Lambangan,,T’Boli,South Cotabato,"Lambangan,T’Boli,South Cotabato"
737,126316016,Maan,,T’Boli,South Cotabato,"Maan,T’Boli,South Cotabato"
738,126316017,Afus,,T’Boli,South Cotabato,"Afus,T’Boli,South Cotabato"
739,126316018,Lambuling,,T’Boli,South Cotabato,"Lambuling,T’Boli,South Cotabato"
740,126316019,Lamhako,,T’Boli,South Cotabato,"Lamhako,T’Boli,South Cotabato"
741,126316020,Poblacion,,T’Boli,South Cotabato,"Poblacion,T’Boli,South Cotabato"
742,126316021,Talcon,,T’Boli,South Cotabato,"Talcon,T’Boli,South Cotabato"
743,126316022,Talufo,,T’Boli,South Cotabato,"Talufo,T’Boli,South Cotabato"
744,126316023,Tudok,,T’Boli,South Cotabato,"Tudok,T’Boli,South Cotabato"
745,126316024,Aflek,,T’Boli,South Cotabato,"Aflek,T’Boli,South Cotabato"
746,126316025,Datal Bob,,T’Boli,South Cotabato,"Datal Bob,T’Boli,South Cotabato"
747,126316026,Desawo,,T’Boli,South Cotabato,"Desawo,T’Boli,South Cotabato"
748,126316027,Dlanag,,T’Boli,South Cotabato,"Dlanag,T’Boli,South Cotabato"
749,126316028,Lemsnolon,,T’Boli,South Cotabato,"Lemsnolon,T’Boli,South Cotabato"
750,126316029,Malugong,,T’Boli,South Cotabato,"Malugong,T’Boli,South Cotabato"
751,126316030,Mongocayo,,T’Boli,South Cotabato,"Mongocayo,T’Boli,South Cotabato"
752,126316031,Salacafe,,T’Boli,South Cotabato,"Salacafe,T’Boli,South Cotabato"
753,126316032,T'bolok,,T’Boli,South Cotabato,"T'bolok,T’Boli,South Cotabato"
754,126317000,TUPI,,,South Cotabato,"TUPI,South Cotabato"
755,126317001,Acmonan,,Tupi,South Cotabato,"Acmonan,Tupi,South Cotabato"
756,126317002,Bololmala,,Tupi,South Cotabato,"Bololmala,Tupi,South Cotabato"
757,126317003,Bunao,,Tupi,South Cotabato,"Bunao,Tupi,South Cotabato"
758,126317004,Cebuano,,Tupi,South Cotabato,"Cebuano,Tupi,South Cotabato"
759,126317005,Crossing Rubber,,Tupi,South Cotabato,"Crossing Rubber,Tupi,South Cotabato"
760,126317006,Kablon,,Tupi,South Cotabato,"Kablon,Tupi,South Cotabato"
761,126317007,Kalkam,,Tupi,South Cotabato,"Kalkam,Tupi,South Cotabato"
762,126317009,Linan,,Tupi,South Cotabato,"Linan,Tupi,South Cotabato"
763,126317010,Lunen,,Tupi,South Cotabato,"Lunen,Tupi,South Cotabato"
764,126317011,Miasong,,Tupi,South Cotabato,"Miasong,Tupi,South Cotabato"
765,126317012,Palian,,Tupi,South Cotabato,"Palian,Tupi,South Cotabato"
766,126317013,Poblacion,,Tupi,South Cotabato,"Poblacion,Tupi,South Cotabato"
767,126317014,Polonuling,,Tupi,South Cotabato,"Polonuling,Tupi,South Cotabato"
768,126317015,Simbo,,Tupi,South Cotabato,"Simbo,Tupi,South Cotabato"
769,126317016,Tubeng,,Tupi,South Cotabato,"Tubeng,Tupi,South Cotabato"
770,126318000,SANTO NIÑO,,,South Cotabato,"SANTO NIÑO,South Cotabato"
771,126318001,Ambalgan,,Santo Nino,South Cotabato,"Ambalgan,Santo Nino,South Cotabato"
772,126318002,Guinsang-an,,Santo Nino,South Cotabato,"Guinsang-an,Santo Nino,South Cotabato"
773,126318003,Katipunan,,Santo Nino,South Cotabato,"Katipunan,Santo Nino,South Cotabato"
774,126318004,Manuel Roxas,,Santo Nino,South Cotabato,"Manuel Roxas,Santo Nino,South Cotabato"
775,126318005,Panay,,Santo Nino,South Cotabato,"Panay,Santo Nino,South Cotabato"
776,126318006,Poblacion,,Santo Nino,South Cotabato,"Poblacion,Santo Nino,South Cotabato"
777,126318007,San Isidro,,Santo Nino,South Cotabato,"San Isidro,Santo Nino,South Cotabato"
778,126318008,San Vicente,,Santo Nino,South Cotabato,"San Vicente,Santo Nino,South Cotabato"
779,126318009,Teresita,,Santo Nino,South Cotabato,"Teresita,Santo Nino,South Cotabato"
780,126318010,Sajaneba,,Santo Nino,South Cotabato,"Sajaneba,Santo Nino,South Cotabato"
781,126319000,LAKE SEBU,,,South Cotabato,"LAKE SEBU,South Cotabato"
782,126319001,Bacdulong,,Lake Sebu,South Cotabato,"Bacdulong,Lake Sebu,South Cotabato"
783,126319002,Denlag,,Lake Sebu,South Cotabato,"Denlag,Lake Sebu,South Cotabato"
784,126319003,Halilan,,Lake Sebu,South Cotabato,"Halilan,Lake Sebu,South Cotabato"
785,126319004,Hanoon,,Lake Sebu,South Cotabato,"Hanoon,Lake Sebu,South Cotabato"
786,126319005,Klubi,,Lake Sebu,South Cotabato,"Klubi,Lake Sebu,South Cotabato"
787,126319006,Lake Lahit,,Lake Sebu,South Cotabato,"Lake Lahit,Lake Sebu,South Cotabato"
788,126319007,Lamcade,,Lake Sebu,South Cotabato,"Lamcade,Lake Sebu,South Cotabato"
789,126319008,Lamdalag,,Lake Sebu,South Cotabato,"Lamdalag,Lake Sebu,South Cotabato"
790,126319009,Lamfugon,,Lake Sebu,South Cotabato,"Lamfugon,Lake Sebu,South Cotabato"
791,126319010,Lamlahak,,Lake Sebu,South Cotabato,"Lamlahak,Lake Sebu,South Cotabato"
792,126319011,Lower Maculan,,Lake Sebu,South Cotabato,"Lower Maculan,Lake Sebu,South Cotabato"
793,126319012,Luhib,,Lake Sebu,South Cotabato,"Luhib,Lake Sebu,South Cotabato"
794,126319013,Ned,,Lake Sebu,South Cotabato,"Ned,Lake Sebu,South Cotabato"
795,126319014,Poblacion,,Lake Sebu,South Cotabato,"Poblacion,Lake Sebu,South Cotabato"
796,126319015,Siluton,,Lake Sebu,South Cotabato,"Siluton,Lake Sebu,South Cotabato"
797,126319016,Talisay,,Lake Sebu,South Cotabato,"Talisay,Lake Sebu,South Cotabato"
798,126319017,Takunel,,Lake Sebu,South Cotabato,"Takunel,Lake Sebu,South Cotabato"
799,126319018,Upper Maculan,,Lake Sebu,South Cotabato,"Upper Maculan,Lake Sebu,South Cotabato"
800,126319019,Tasiman,,Lake Sebu,South Cotabato,"Tasiman,Lake Sebu,South Cotabato"
801,126500000,SULTAN KUDARAT,,,,SULTAN KUDARAT
802,126501000,BAGUMBAYAN,,,Sultan Kudarat,"BAGUMBAYAN,Sultan Kudarat"
803,126501001,Bai Sarifinang,,Bagumbayan,Sultan Kudarat,"Bai Sarifinang,Bagumbayan,Sultan Kudarat"
804,126501002,Biwang,,Bagumbayan,Sultan Kudarat,"Biwang,Bagumbayan,Sultan Kudarat"
805,126501003,Busok,,Bagumbayan,Sultan Kudarat,"Busok,Bagumbayan,Sultan Kudarat"
806,126501004,Daguma,,Bagumbayan,Sultan Kudarat,"Daguma,Bagumbayan,Sultan Kudarat"
807,126501005,Kapaya,,Bagumbayan,Sultan Kudarat,"Kapaya,Bagumbayan,Sultan Kudarat"
808,126501006,Kinayao,,Bagumbayan,Sultan Kudarat,"Kinayao,Bagumbayan,Sultan Kudarat"
809,126501008,Masiag,,Bagumbayan,Sultan Kudarat,"Masiag,Bagumbayan,Sultan Kudarat"
810,126501009,Poblacion,,Bagumbayan,Sultan Kudarat,"Poblacion,Bagumbayan,Sultan Kudarat"
811,126501010,South Sepaka,,Bagumbayan,Sultan Kudarat,"South Sepaka,Bagumbayan,Sultan Kudarat"
812,126501011,Tuka,,Bagumbayan,Sultan Kudarat,"Tuka,Bagumbayan,Sultan Kudarat"
813,126501012,Chua,,Bagumbayan,Sultan Kudarat,"Chua,Bagumbayan,Sultan Kudarat"
814,126501013,Daluga,,Bagumbayan,Sultan Kudarat,"Daluga,Bagumbayan,Sultan Kudarat"
815,126501014,Kabulanan,,Bagumbayan,Sultan Kudarat,"Kabulanan,Bagumbayan,Sultan Kudarat"
816,126501015,Kanulay,,Bagumbayan,Sultan Kudarat,"Kanulay,Bagumbayan,Sultan Kudarat"
817,126501016,Monteverde,,Bagumbayan,Sultan Kudarat,"Monteverde,Bagumbayan,Sultan Kudarat"
818,126501017,Santo Niño,,Bagumbayan,Sultan Kudarat,"Santo Niño,Bagumbayan,Sultan Kudarat"
819,126501018,Sumilil,,Bagumbayan,Sultan Kudarat,"Sumilil,Bagumbayan,Sultan Kudarat"
820,126501019,Titulok,,Bagumbayan,Sultan Kudarat,"Titulok,Bagumbayan,Sultan Kudarat"
821,126501020,Sison,,Bagumbayan,Sultan Kudarat,"Sison,Bagumbayan,Sultan Kudarat"
822,126502000,COLUMBIO,,,Sultan Kudarat,"COLUMBIO,Sultan Kudarat"
823,126502002,Bantangan (Lasak),,Columbio,Sultan Kudarat,"Bantangan (Lasak),Columbio,Sultan Kudarat"
824,126502009,Datablao,,Columbio,Sultan Kudarat,"Datablao,Columbio,Sultan Kudarat"
825,126502010,Eday,,Columbio,Sultan Kudarat,"Eday,Columbio,Sultan Kudarat"
826,126502011,Elbebe,,Columbio,Sultan Kudarat,"Elbebe,Columbio,Sultan Kudarat"
827,126502015,Libertad,,Columbio,Sultan Kudarat,"Libertad,Columbio,Sultan Kudarat"
828,126502016,Lomoyon,,Columbio,Sultan Kudarat,"Lomoyon,Columbio,Sultan Kudarat"
829,126502017,Makat (Sumali Pas),,Columbio,Sultan Kudarat,"Makat (Sumali Pas),Columbio,Sultan Kudarat"
830,126502019,Maligaya,,Columbio,Sultan Kudarat,"Maligaya,Columbio,Sultan Kudarat"
831,126502021,Mayo,,Columbio,Sultan Kudarat,"Mayo,Columbio,Sultan Kudarat"
832,126502022,Natividad,,Columbio,Sultan Kudarat,"Natividad,Columbio,Sultan Kudarat"
833,126502023,Poblacion,,Columbio,Sultan Kudarat,"Poblacion,Columbio,Sultan Kudarat"
834,126502024,Polomolok,,Columbio,Sultan Kudarat,"Polomolok,Columbio,Sultan Kudarat"
835,126502027,Sinapulan,,Columbio,Sultan Kudarat,"Sinapulan,Columbio,Sultan Kudarat"
836,126502028,Sucob,,Columbio,Sultan Kudarat,"Sucob,Columbio,Sultan Kudarat"
837,126502030,Telafas,,Columbio,Sultan Kudarat,"Telafas,Columbio,Sultan Kudarat"
838,126502032,Lasak,,Columbio,Sultan Kudarat,"Lasak,Columbio,Sultan Kudarat"
839,126503000,ESPERANZA,,,Sultan Kudarat,"ESPERANZA,Sultan Kudarat"
840,126503001,Ala,,Esperanza,Sultan Kudarat,"Ala,Esperanza,Sultan Kudarat"
841,126503003,Daladap,,Esperanza,Sultan Kudarat,"Daladap,Esperanza,Sultan Kudarat"
842,126503005,Dukay,,Esperanza,Sultan Kudarat,"Dukay,Esperanza,Sultan Kudarat"
843,126503007,Guiamalia,,Esperanza,Sultan Kudarat,"Guiamalia,Esperanza,Sultan Kudarat"
844,126503008,Ilian,,Esperanza,Sultan Kudarat,"Ilian,Esperanza,Sultan Kudarat"
845,126503011,Kangkong,,Esperanza,Sultan Kudarat,"Kangkong,Esperanza,Sultan Kudarat"
846,126503016,Margues,,Esperanza,Sultan Kudarat,"Margues,Esperanza,Sultan Kudarat"
847,126503018,New Panay,,Esperanza,Sultan Kudarat,"New Panay,Esperanza,Sultan Kudarat"
848,126503020,Numo,,Esperanza,Sultan Kudarat,"Numo,Esperanza,Sultan Kudarat"
849,126503021,Pamantingan,,Esperanza,Sultan Kudarat,"Pamantingan,Esperanza,Sultan Kudarat"
850,126503022,Poblacion,,Esperanza,Sultan Kudarat,"Poblacion,Esperanza,Sultan Kudarat"
851,126503023,Sagasa,,Esperanza,Sultan Kudarat,"Sagasa,Esperanza,Sultan Kudarat"
852,126503024,Salabaca,,Esperanza,Sultan Kudarat,"Salabaca,Esperanza,Sultan Kudarat"
853,126503032,Villamor,,Esperanza,Sultan Kudarat,"Villamor,Esperanza,Sultan Kudarat"
854,126503033,Laguinding,,Esperanza,Sultan Kudarat,"Laguinding,Esperanza,Sultan Kudarat"
855,126503034,Magsaysay,,Esperanza,Sultan Kudarat,"Magsaysay,Esperanza,Sultan Kudarat"
856,126503035,Paitan,,Esperanza,Sultan Kudarat,"Paitan,Esperanza,Sultan Kudarat"
857,126503036,Saliao,,Esperanza,Sultan Kudarat,"Saliao,Esperanza,Sultan Kudarat"
858,126503037,Salumping,,Esperanza,Sultan Kudarat,"Salumping,Esperanza,Sultan Kudarat"
859,126504000,ISULAN,,,Sultan Kudarat,"ISULAN,Sultan Kudarat"
860,126504003,Bambad,,Isulan,Sultan Kudarat,"Bambad,Isulan,Sultan Kudarat"
861,126504005,Bual,,Isulan,Sultan Kudarat,"Bual,Isulan,Sultan Kudarat"
862,126504007,D'Lotilla,,Isulan,Sultan Kudarat,"D'Lotilla,Isulan,Sultan Kudarat"
863,126504009,Dansuli,,Isulan,Sultan Kudarat,"Dansuli,Isulan,Sultan Kudarat"
864,126504010,Impao,,Isulan,Sultan Kudarat,"Impao,Isulan,Sultan Kudarat"
865,126504011,Kalawag I (Pob.),,Isulan,Sultan Kudarat,"Kalawag I (Pob.),Isulan,Sultan Kudarat"
866,126504012,Kalawag II (Pob.),,Isulan,Sultan Kudarat,"Kalawag II (Pob.),Isulan,Sultan Kudarat"
867,126504013,Kalawag III (Pob.),,Isulan,Sultan Kudarat,"Kalawag III (Pob.),Isulan,Sultan Kudarat"
868,126504016,Kenram,,Isulan,Sultan Kudarat,"Kenram,Isulan,Sultan Kudarat"
869,126504018,Kudanding,,Isulan,Sultan Kudarat,"Kudanding,Isulan,Sultan Kudarat"
870,126504019,Kolambog,,Isulan,Sultan Kudarat,"Kolambog,Isulan,Sultan Kudarat"
871,126504020,Lagandang,,Isulan,Sultan Kudarat,"Lagandang,Isulan,Sultan Kudarat"
872,126504021,Laguilayan,,Isulan,Sultan Kudarat,"Laguilayan,Isulan,Sultan Kudarat"
873,126504022,Mapantig,,Isulan,Sultan Kudarat,"Mapantig,Isulan,Sultan Kudarat"
874,126504024,New Pangasinan,,Isulan,Sultan Kudarat,"New Pangasinan,Isulan,Sultan Kudarat"
875,126504026,Sampao,,Isulan,Sultan Kudarat,"Sampao,Isulan,Sultan Kudarat"
876,126504028,Tayugo,,Isulan,Sultan Kudarat,"Tayugo,Isulan,Sultan Kudarat"
877,126505000,KALAMANSIG,,,Sultan Kudarat,"KALAMANSIG,Sultan Kudarat"
878,126505001,Bantogon (Santa Clara),,Kalamansig,Sultan Kudarat,"Bantogon (Santa Clara),Kalamansig,Sultan Kudarat"
879,126505004,Cadiz,,Kalamansig,Sultan Kudarat,"Cadiz,Kalamansig,Sultan Kudarat"
880,126505006,Dumangas Nuevo,,Kalamansig,Sultan Kudarat,"Dumangas Nuevo,Kalamansig,Sultan Kudarat"
881,126505007,Hinalaan,,Kalamansig,Sultan Kudarat,"Hinalaan,Kalamansig,Sultan Kudarat"
882,126505011,Limulan,,Kalamansig,Sultan Kudarat,"Limulan,Kalamansig,Sultan Kudarat"
883,126505013,Obial,,Kalamansig,Sultan Kudarat,"Obial,Kalamansig,Sultan Kudarat"
884,126505014,Paril,,Kalamansig,Sultan Kudarat,"Paril,Kalamansig,Sultan Kudarat"
885,126505015,Poblacion,,Kalamansig,Sultan Kudarat,"Poblacion,Kalamansig,Sultan Kudarat"
886,126505016,Sangay,,Kalamansig,Sultan Kudarat,"Sangay,Kalamansig,Sultan Kudarat"
887,126505017,Santa Maria,,Kalamansig,Sultan Kudarat,"Santa Maria,Kalamansig,Sultan Kudarat"
888,126505018,Datu Ito Andong,,Kalamansig,Sultan Kudarat,"Datu Ito Andong,Kalamansig,Sultan Kudarat"
889,126505019,Datu Wasay,,Kalamansig,Sultan Kudarat,"Datu Wasay,Kalamansig,Sultan Kudarat"
890,126505020,Nalilidan,,Kalamansig,Sultan Kudarat,"Nalilidan,Kalamansig,Sultan Kudarat"
891,126505021,Sabanal,,Kalamansig,Sultan Kudarat,"Sabanal,Kalamansig,Sultan Kudarat"
892,126505022,Pag-asa,,Kalamansig,Sultan Kudarat,"Pag-asa,Kalamansig,Sultan Kudarat"
893,126506000,LEBAK,,,Sultan Kudarat,"LEBAK,Sultan Kudarat"
894,126506001,Barurao,,Lebak,Sultan Kudarat,"Barurao,Lebak,Sultan Kudarat"
895,126506003,Basak,,Lebak,Sultan Kudarat,"Basak,Lebak,Sultan Kudarat"
896,126506004,Bululawan,,Lebak,Sultan Kudarat,"Bululawan,Lebak,Sultan Kudarat"
897,126506005,Capilan,,Lebak,Sultan Kudarat,"Capilan,Lebak,Sultan Kudarat"
898,126506006,Christiannuevo,,Lebak,Sultan Kudarat,"Christiannuevo,Lebak,Sultan Kudarat"
899,126506007,Datu Karon,,Lebak,Sultan Kudarat,"Datu Karon,Lebak,Sultan Kudarat"
900,126506008,Kalamongog,,Lebak,Sultan Kudarat,"Kalamongog,Lebak,Sultan Kudarat"
901,126506009,Keytodac,,Lebak,Sultan Kudarat,"Keytodac,Lebak,Sultan Kudarat"
902,126506010,Kinodalan,,Lebak,Sultan Kudarat,"Kinodalan,Lebak,Sultan Kudarat"
903,126506012,New Calinog,,Lebak,Sultan Kudarat,"New Calinog,Lebak,Sultan Kudarat"
904,126506013,Nuling,,Lebak,Sultan Kudarat,"Nuling,Lebak,Sultan Kudarat"
905,126506014,Pansud,,Lebak,Sultan Kudarat,"Pansud,Lebak,Sultan Kudarat"
906,126506015,Pasandalan,,Lebak,Sultan Kudarat,"Pasandalan,Lebak,Sultan Kudarat"
907,126506016,Poblacion,,Lebak,Sultan Kudarat,"Poblacion,Lebak,Sultan Kudarat"
908,126506017,Poloy-poloy,,Lebak,Sultan Kudarat,"Poloy-poloy,Lebak,Sultan Kudarat"
909,126506018,Purikay,,Lebak,Sultan Kudarat,"Purikay,Lebak,Sultan Kudarat"
910,126506019,Ragandang,,Lebak,Sultan Kudarat,"Ragandang,Lebak,Sultan Kudarat"
911,126506020,Salaman,,Lebak,Sultan Kudarat,"Salaman,Lebak,Sultan Kudarat"
912,126506021,Salangsang,,Lebak,Sultan Kudarat,"Salangsang,Lebak,Sultan Kudarat"
913,126506022,Taguisa,,Lebak,Sultan Kudarat,"Taguisa,Lebak,Sultan Kudarat"
914,126506023,Tibpuan,,Lebak,Sultan Kudarat,"Tibpuan,Lebak,Sultan Kudarat"
915,126506024,Tran,,Lebak,Sultan Kudarat,"Tran,Lebak,Sultan Kudarat"
916,126506025,Villamonte,,Lebak,Sultan Kudarat,"Villamonte,Lebak,Sultan Kudarat"
917,126506026,Barurao II,,Lebak,Sultan Kudarat,"Barurao II,Lebak,Sultan Kudarat"
918,126506027,Aurelio F. Freires (Poblacion II),,Lebak,Sultan Kudarat,"Aurelio F. Freires (Poblacion II),Lebak,Sultan Kudarat"
919,126506028,Poblacion III,,Lebak,Sultan Kudarat,"Poblacion III,Lebak,Sultan Kudarat"
920,126506029,Bolebok,,Lebak,Sultan Kudarat,"Bolebok,Lebak,Sultan Kudarat"
921,126507000,LUTAYAN,,,Sultan Kudarat,"LUTAYAN,Sultan Kudarat"
922,126507001,Antong,,Lutayan,Sultan Kudarat,"Antong,Lutayan,Sultan Kudarat"
923,126507002,Bayasong,,Lutayan,Sultan Kudarat,"Bayasong,Lutayan,Sultan Kudarat"
924,126507003,Blingkong,,Lutayan,Sultan Kudarat,"Blingkong,Lutayan,Sultan Kudarat"
925,126507004,Lutayan Proper,,Lutayan,Sultan Kudarat,"Lutayan Proper,Lutayan,Sultan Kudarat"
926,126507005,Maindang,,Lutayan,Sultan Kudarat,"Maindang,Lutayan,Sultan Kudarat"
927,126507006,Mamali,,Lutayan,Sultan Kudarat,"Mamali,Lutayan,Sultan Kudarat"
928,126507007,Manili,,Lutayan,Sultan Kudarat,"Manili,Lutayan,Sultan Kudarat"
929,126507008,Sampao,,Lutayan,Sultan Kudarat,"Sampao,Lutayan,Sultan Kudarat"
930,126507009,Sisiman,,Lutayan,Sultan Kudarat,"Sisiman,Lutayan,Sultan Kudarat"
931,126507010,Tamnag (Pob.),,Lutayan,Sultan Kudarat,"Tamnag (Pob.),Lutayan,Sultan Kudarat"
932,126507011,Palavilla,,Lutayan,Sultan Kudarat,"Palavilla,Lutayan,Sultan Kudarat"
933,126508000,LAMBAYONG (MARIANO MARCOS),,,Sultan Kudarat,"LAMBAYONG (MARIANO MARCOS),Sultan Kudarat"
934,126508001,Caridad (Cuyapon),,Lambayong,Sultan Kudarat,"Caridad (Cuyapon),Lambayong,Sultan Kudarat"
935,126508002,Didtaras,,Lambayong,Sultan Kudarat,"Didtaras,Lambayong,Sultan Kudarat"
936,126508004,Gansing (Bilumen),,Lambayong,Sultan Kudarat,"Gansing (Bilumen),Lambayong,Sultan Kudarat"
937,126508005,Kabulakan,,Lambayong,Sultan Kudarat,"Kabulakan,Lambayong,Sultan Kudarat"
938,126508006,Kapingkong,,Lambayong,Sultan Kudarat,"Kapingkong,Lambayong,Sultan Kudarat"
939,126508007,Katitisan,,Lambayong,Sultan Kudarat,"Katitisan,Lambayong,Sultan Kudarat"
940,126508008,Lagao,,Lambayong,Sultan Kudarat,"Lagao,Lambayong,Sultan Kudarat"
941,126508009,Lilit,,Lambayong,Sultan Kudarat,"Lilit,Lambayong,Sultan Kudarat"
942,126508010,Madanding,,Lambayong,Sultan Kudarat,"Madanding,Lambayong,Sultan Kudarat"
943,126508011,Maligaya,,Lambayong,Sultan Kudarat,"Maligaya,Lambayong,Sultan Kudarat"
944,126508012,Mamali,,Lambayong,Sultan Kudarat,"Mamali,Lambayong,Sultan Kudarat"
945,126508013,Matiompong,,Lambayong,Sultan Kudarat,"Matiompong,Lambayong,Sultan Kudarat"
946,126508014,Midtapok,,Lambayong,Sultan Kudarat,"Midtapok,Lambayong,Sultan Kudarat"
947,126508015,New Cebu,,Lambayong,Sultan Kudarat,"New Cebu,Lambayong,Sultan Kudarat"
948,126508016,Palumbi,,Lambayong,Sultan Kudarat,"Palumbi,Lambayong,Sultan Kudarat"
949,126508017,Pidtiguian,,Lambayong,Sultan Kudarat,"Pidtiguian,Lambayong,Sultan Kudarat"
950,126508018,Pimbalayan,,Lambayong,Sultan Kudarat,"Pimbalayan,Lambayong,Sultan Kudarat"
951,126508019,Pinguiaman,,Lambayong,Sultan Kudarat,"Pinguiaman,Lambayong,Sultan Kudarat"
952,126508020,Poblacion (Lambayong),,Lambayong,Sultan Kudarat,"Poblacion (Lambayong),Lambayong,Sultan Kudarat"
953,126508021,Sadsalan,,Lambayong,Sultan Kudarat,"Sadsalan,Lambayong,Sultan Kudarat"
954,126508022,Seneben,,Lambayong,Sultan Kudarat,"Seneben,Lambayong,Sultan Kudarat"
955,126508023,Sigayan,,Lambayong,Sultan Kudarat,"Sigayan,Lambayong,Sultan Kudarat"
956,126508024,Tambak,,Lambayong,Sultan Kudarat,"Tambak,Lambayong,Sultan Kudarat"
957,126508025,Tinumigues,,Lambayong,Sultan Kudarat,"Tinumigues,Lambayong,Sultan Kudarat"
958,126508027,Tumiao (Tinaga),,Lambayong,Sultan Kudarat,"Tumiao (Tinaga),Lambayong,Sultan Kudarat"
959,126508028,Udtong,,Lambayong,Sultan Kudarat,"Udtong,Lambayong,Sultan Kudarat"
960,126509000,PALIMBANG,,,Sultan Kudarat,"PALIMBANG,Sultan Kudarat"
961,126509001,Akol,,Palimbang,Sultan Kudarat,"Akol,Palimbang,Sultan Kudarat"
962,126509002,Badiangon,,Palimbang,Sultan Kudarat,"Badiangon,Palimbang,Sultan Kudarat"
963,126509003,Baliango,,Palimbang,Sultan Kudarat,"Baliango,Palimbang,Sultan Kudarat"
964,126509004,Baranayan,,Palimbang,Sultan Kudarat,"Baranayan,Palimbang,Sultan Kudarat"
965,126509005,Barongis,,Palimbang,Sultan Kudarat,"Barongis,Palimbang,Sultan Kudarat"
966,126509006,Batang-baglas,,Palimbang,Sultan Kudarat,"Batang-baglas,Palimbang,Sultan Kudarat"
967,126509007,Butril,,Palimbang,Sultan Kudarat,"Butril,Palimbang,Sultan Kudarat"
968,126509009,Domolol,,Palimbang,Sultan Kudarat,"Domolol,Palimbang,Sultan Kudarat"
969,126509010,Kabuling,,Palimbang,Sultan Kudarat,"Kabuling,Palimbang,Sultan Kudarat"
970,126509011,Kalibuhan,,Palimbang,Sultan Kudarat,"Kalibuhan,Palimbang,Sultan Kudarat"
971,126509013,Kanipaan,,Palimbang,Sultan Kudarat,"Kanipaan,Palimbang,Sultan Kudarat"
972,126509014,Kisek,,Palimbang,Sultan Kudarat,"Kisek,Palimbang,Sultan Kudarat"
973,126509015,Kidayan,,Palimbang,Sultan Kudarat,"Kidayan,Palimbang,Sultan Kudarat"
974,126509016,Kiponget,,Palimbang,Sultan Kudarat,"Kiponget,Palimbang,Sultan Kudarat"
975,126509017,Kulong-kulong,,Palimbang,Sultan Kudarat,"Kulong-kulong,Palimbang,Sultan Kudarat"
976,126509018,Kraan,,Palimbang,Sultan Kudarat,"Kraan,Palimbang,Sultan Kudarat"
977,126509020,Langali,,Palimbang,Sultan Kudarat,"Langali,Palimbang,Sultan Kudarat"
978,126509021,Libua,,Palimbang,Sultan Kudarat,"Libua,Palimbang,Sultan Kudarat"
979,126509022,Lumitan,,Palimbang,Sultan Kudarat,"Lumitan,Palimbang,Sultan Kudarat"
980,126509023,Maganao,,Palimbang,Sultan Kudarat,"Maganao,Palimbang,Sultan Kudarat"
981,126509024,Maguid,,Palimbang,Sultan Kudarat,"Maguid,Palimbang,Sultan Kudarat"
982,126509025,Malatuneng (Malatunol),,Palimbang,Sultan Kudarat,"Malatuneng (Malatunol),Palimbang,Sultan Kudarat"
983,126509026,Malisbong,,Palimbang,Sultan Kudarat,"Malisbong,Palimbang,Sultan Kudarat"
984,126509027,Milbuk,,Palimbang,Sultan Kudarat,"Milbuk,Palimbang,Sultan Kudarat"
985,126509028,Molon,,Palimbang,Sultan Kudarat,"Molon,Palimbang,Sultan Kudarat"
986,126509029,Namat Masla,,Palimbang,Sultan Kudarat,"Namat Masla,Palimbang,Sultan Kudarat"
987,126509030,Napnapon,,Palimbang,Sultan Kudarat,"Napnapon,Palimbang,Sultan Kudarat"
988,126509031,Poblacion,,Palimbang,Sultan Kudarat,"Poblacion,Palimbang,Sultan Kudarat"
989,126509032,San Roque,,Palimbang,Sultan Kudarat,"San Roque,Palimbang,Sultan Kudarat"
990,126509033,Colobe (Tagadtal),,Palimbang,Sultan Kudarat,"Colobe (Tagadtal),Palimbang,Sultan Kudarat"
991,126509034,Tibuhol (East Badiangon),,Palimbang,Sultan Kudarat,"Tibuhol (East Badiangon),Palimbang,Sultan Kudarat"
992,126509035,Wal,,Palimbang,Sultan Kudarat,"Wal,Palimbang,Sultan Kudarat"
993,126509036,Bambanen,,Palimbang,Sultan Kudarat,"Bambanen,Palimbang,Sultan Kudarat"
994,126509038,Lopoken (Lepolon),,Palimbang,Sultan Kudarat,"Lopoken (Lepolon),Palimbang,Sultan Kudarat"
995,126509039,Mina,,Palimbang,Sultan Kudarat,"Mina,Palimbang,Sultan Kudarat"
996,126509040,Medol,,Palimbang,Sultan Kudarat,"Medol,Palimbang,Sultan Kudarat"
997,126509041,Wasag,,Palimbang,Sultan Kudarat,"Wasag,Palimbang,Sultan Kudarat"
998,126509042,Balwan (Bulan),,Palimbang,Sultan Kudarat,"Balwan (Bulan),Palimbang,Sultan Kudarat"
999,126509043,Ligao,,Palimbang,Sultan Kudarat,"Ligao,Palimbang,Sultan Kudarat"
1000,126509044,Datu Maguiales,,Palimbang,Sultan Kudarat,"Datu Maguiales,Palimbang,Sultan Kudarat"
1001,126510000,PRESIDENT QUIRINO,,,Sultan Kudarat,"PRESIDENT QUIRINO,Sultan Kudarat"
1002,126510001,Bagumbayan,,President Quirino,Sultan Kudarat,"Bagumbayan,President Quirino,Sultan Kudarat"
1003,126510003,Bannawag,,President Quirino,Sultan Kudarat,"Bannawag,President Quirino,Sultan Kudarat"
1004,126510004,Bayawa,,President Quirino,Sultan Kudarat,"Bayawa,President Quirino,Sultan Kudarat"
1005,126510005,Estrella,,President Quirino,Sultan Kudarat,"Estrella,President Quirino,Sultan Kudarat"
1006,126510007,Kalanawe I,,President Quirino,Sultan Kudarat,"Kalanawe I,President Quirino,Sultan Kudarat"
1007,126510008,Kalanawe II,,President Quirino,Sultan Kudarat,"Kalanawe II,President Quirino,Sultan Kudarat"
1008,126510009,Katico,,President Quirino,Sultan Kudarat,"Katico,President Quirino,Sultan Kudarat"
1009,126510012,Malingon,,President Quirino,Sultan Kudarat,"Malingon,President Quirino,Sultan Kudarat"
1010,126510013,Mangalen,,President Quirino,Sultan Kudarat,"Mangalen,President Quirino,Sultan Kudarat"
1011,126510014,C. Mangilala,,President Quirino,Sultan Kudarat,"C. Mangilala,President Quirino,Sultan Kudarat"
1012,126510015,Pedtubo,,President Quirino,Sultan Kudarat,"Pedtubo,President Quirino,Sultan Kudarat"
1013,126510016,Poblacion (Sambulawan),,President Quirino,Sultan Kudarat,"Poblacion (Sambulawan),President Quirino,Sultan Kudarat"
1014,126510018,Romualdez,,President Quirino,Sultan Kudarat,"Romualdez,President Quirino,Sultan Kudarat"
1015,126510020,San Jose,,President Quirino,Sultan Kudarat,"San Jose,President Quirino,Sultan Kudarat"
1016,126510021,Sinakulay,,President Quirino,Sultan Kudarat,"Sinakulay,President Quirino,Sultan Kudarat"
1017,126510022,Suben,,President Quirino,Sultan Kudarat,"Suben,President Quirino,Sultan Kudarat"
1018,126510023,Tinaungan,,President Quirino,Sultan Kudarat,"Tinaungan,President Quirino,Sultan Kudarat"
1019,126510025,Tual (Liguasan),,President Quirino,Sultan Kudarat,"Tual (Liguasan),President Quirino,Sultan Kudarat"
1020,126510026,San Pedro (Tuato),,President Quirino,Sultan Kudarat,"San Pedro (Tuato),President Quirino,Sultan Kudarat"
1021,126511000,CITY OF TACURONG,,,Sultan Kudarat,"CITY OF TACURONG,Sultan Kudarat"
1022,126511001,Baras,,Tacurong,Sultan Kudarat,"Baras,Tacurong,Sultan Kudarat"
1023,126511002,Buenaflor,,Tacurong,Sultan Kudarat,"Buenaflor,Tacurong,Sultan Kudarat"
1024,126511003,Calean,,Tacurong,Sultan Kudarat,"Calean,Tacurong,Sultan Kudarat"
1025,126511004,Carmen,,Tacurong,Sultan Kudarat,"Carmen,Tacurong,Sultan Kudarat"
1026,126511005,D'Ledesma,,Tacurong,Sultan Kudarat,"D'Ledesma,Tacurong,Sultan Kudarat"
1027,126511006,Virginia Griño,,Tacurong,Sultan Kudarat,"Virginia Griño,Tacurong,Sultan Kudarat"
1028,126511007,Kalandagan,,Tacurong,Sultan Kudarat,"Kalandagan,Tacurong,Sultan Kudarat"
1029,126511008,Enrique JC Montilla,,Tacurong,Sultan Kudarat,"Enrique JC Montilla,Tacurong,Sultan Kudarat"
1030,126511010,New Isabela,,Tacurong,Sultan Kudarat,"New Isabela,Tacurong,Sultan Kudarat"
1031,126511011,New Lagao,,Tacurong,Sultan Kudarat,"New Lagao,Tacurong,Sultan Kudarat"
1032,126511012,New Passi,,Tacurong,Sultan Kudarat,"New Passi,Tacurong,Sultan Kudarat"
1033,126511013,Poblacion,,Tacurong,Sultan Kudarat,"Poblacion,Tacurong,Sultan Kudarat"
1034,126511014,Rajah Nuda,,Tacurong,Sultan Kudarat,"Rajah Nuda,Tacurong,Sultan Kudarat"
1035,126511015,San Antonio,,Tacurong,Sultan Kudarat,"San Antonio,Tacurong,Sultan Kudarat"
1036,126511016,San Emmanuel,,Tacurong,Sultan Kudarat,"San Emmanuel,Tacurong,Sultan Kudarat"
1037,126511019,San Pablo,,Tacurong,Sultan Kudarat,"San Pablo,Tacurong,Sultan Kudarat"
1038,126511020,Upper Katungal,,Tacurong,Sultan Kudarat,"Upper Katungal,Tacurong,Sultan Kudarat"
1039,126511021,Tina,,Tacurong,Sultan Kudarat,"Tina,Tacurong,Sultan Kudarat"
1040,126511022,San Rafael,,Tacurong,Sultan Kudarat,"San Rafael,Tacurong,Sultan Kudarat"
1041,126511023,Lancheta,,Tacurong,Sultan Kudarat,"Lancheta,Tacurong,Sultan Kudarat"
1042,126512000,SEN. NINOY AQUINO,,,Sultan Kudarat,"SEN. NINOY AQUINO,Sultan Kudarat"
1043,126512001,Banali,,Senator Ninoy Aquino,Sultan Kudarat,"Banali,Senator Ninoy Aquino,Sultan Kudarat"
1044,126512002,Basag,,Senator Ninoy Aquino,Sultan Kudarat,"Basag,Senator Ninoy Aquino,Sultan Kudarat"
1045,126512003,Buenaflores,,Senator Ninoy Aquino,Sultan Kudarat,"Buenaflores,Senator Ninoy Aquino,Sultan Kudarat"
1046,126512004,Bugso,,Senator Ninoy Aquino,Sultan Kudarat,"Bugso,Senator Ninoy Aquino,Sultan Kudarat"
1047,126512005,Buklod,,Senator Ninoy Aquino,Sultan Kudarat,"Buklod,Senator Ninoy Aquino,Sultan Kudarat"
1048,126512006,Gapok,,Senator Ninoy Aquino,Sultan Kudarat,"Gapok,Senator Ninoy Aquino,Sultan Kudarat"
1049,126512007,Kadi,,Senator Ninoy Aquino,Sultan Kudarat,"Kadi,Senator Ninoy Aquino,Sultan Kudarat"
1050,126512008,Kapatagan,,Senator Ninoy Aquino,Sultan Kudarat,"Kapatagan,Senator Ninoy Aquino,Sultan Kudarat"
1051,126512009,Kiadsam,,Senator Ninoy Aquino,Sultan Kudarat,"Kiadsam,Senator Ninoy Aquino,Sultan Kudarat"
1052,126512010,Kuden,,Senator Ninoy Aquino,Sultan Kudarat,"Kuden,Senator Ninoy Aquino,Sultan Kudarat"
1053,126512011,Kulaman,,Senator Ninoy Aquino,Sultan Kudarat,"Kulaman,Senator Ninoy Aquino,Sultan Kudarat"
1054,126512012,Lagubang,,Senator Ninoy Aquino,Sultan Kudarat,"Lagubang,Senator Ninoy Aquino,Sultan Kudarat"
1055,126512013,Langgal,,Senator Ninoy Aquino,Sultan Kudarat,"Langgal,Senator Ninoy Aquino,Sultan Kudarat"
1056,126512014,Limuhay,,Senator Ninoy Aquino,Sultan Kudarat,"Limuhay,Senator Ninoy Aquino,Sultan Kudarat"
1057,126512015,Malegdeg,,Senator Ninoy Aquino,Sultan Kudarat,"Malegdeg,Senator Ninoy Aquino,Sultan Kudarat"
1058,126512016,Midtungok,,Senator Ninoy Aquino,Sultan Kudarat,"Midtungok,Senator Ninoy Aquino,Sultan Kudarat"
1059,126512017,Nati,,Senator Ninoy Aquino,Sultan Kudarat,"Nati,Senator Ninoy Aquino,Sultan Kudarat"
1060,126512018,Sewod,,Senator Ninoy Aquino,Sultan Kudarat,"Sewod,Senator Ninoy Aquino,Sultan Kudarat"
1061,126512019,Tacupis,,Senator Ninoy Aquino,Sultan Kudarat,"Tacupis,Senator Ninoy Aquino,Sultan Kudarat"
1062,126512020,Tinalon,,Senator Ninoy Aquino,Sultan Kudarat,"Tinalon,Senator Ninoy Aquino,Sultan Kudarat"
1063,128000000,SARANGANI,,,,SARANGANI
1064,128001000,ALABEL,,,Sarangani,"ALABEL,Sarangani"
1065,128001001,Alegria,,Alabel,Sarangani,"Alegria,Alabel,Sarangani"
1066,128001002,Bagacay,,Alabel,Sarangani,"Bagacay,Alabel,Sarangani"
1067,128001003,Baluntay,,Alabel,Sarangani,"Baluntay,Alabel,Sarangani"
1068,128001004,Datal Anggas,,Alabel,Sarangani,"Datal Anggas,Alabel,Sarangani"
1069,128001005,Domolok,,Alabel,Sarangani,"Domolok,Alabel,Sarangani"
1070,128001006,Kawas,,Alabel,Sarangani,"Kawas,Alabel,Sarangani"
1071,128001007,Maribulan,,Alabel,Sarangani,"Maribulan,Alabel,Sarangani"
1072,128001008,Pag-Asa,,Alabel,Sarangani,"Pag-Asa,Alabel,Sarangani"
1073,128001009,Paraiso,,Alabel,Sarangani,"Paraiso,Alabel,Sarangani"
1074,128001010,Poblacion (Alabel),,Alabel,Sarangani,"Poblacion (Alabel),Alabel,Sarangani"
1075,128001011,Spring,,Alabel,Sarangani,"Spring,Alabel,Sarangani"
1076,128001012,Tokawal,,Alabel,Sarangani,"Tokawal,Alabel,Sarangani"
1077,128001013,Ladol,,Alabel,Sarangani,"Ladol,Alabel,Sarangani"
1078,128002000,GLAN,,,Sarangani,"GLAN,Sarangani"
1079,128002001,Baliton,,Glan,Sarangani,"Baliton,Glan,Sarangani"
1080,128002002,Batotuling,,Glan,Sarangani,"Batotuling,Glan,Sarangani"
1081,128002003,Batulaki,,Glan,Sarangani,"Batulaki,Glan,Sarangani"
1082,128002004,Big Margus,,Glan,Sarangani,"Big Margus,Glan,Sarangani"
1083,128002005,Burias,,Glan,Sarangani,"Burias,Glan,Sarangani"
1084,128002006,Cablalan,,Glan,Sarangani,"Cablalan,Glan,Sarangani"
1085,128002007,Calabanit,,Glan,Sarangani,"Calabanit,Glan,Sarangani"
1086,128002008,Calpidong,,Glan,Sarangani,"Calpidong,Glan,Sarangani"
1087,128002009,Congan,,Glan,Sarangani,"Congan,Glan,Sarangani"
1088,128002010,Cross,,Glan,Sarangani,"Cross,Glan,Sarangani"
1089,128002011,Datalbukay,,Glan,Sarangani,"Datalbukay,Glan,Sarangani"
1090,128002012,E. Alegado,,Glan,Sarangani,"E. Alegado,Glan,Sarangani"
1091,128002013,Glan Padidu,,Glan,Sarangani,"Glan Padidu,Glan,Sarangani"
1092,128002014,Gumasa,,Glan,Sarangani,"Gumasa,Glan,Sarangani"
1093,128002015,Ilaya,,Glan,Sarangani,"Ilaya,Glan,Sarangani"
1094,128002016,Kaltuad,,Glan,Sarangani,"Kaltuad,Glan,Sarangani"
1095,128002017,Kapatan,,Glan,Sarangani,"Kapatan,Glan,Sarangani"
1096,128002018,Lago,,Glan,Sarangani,"Lago,Glan,Sarangani"
1097,128002019,Laguimit,,Glan,Sarangani,"Laguimit,Glan,Sarangani"
1098,128002020,Mudan,,Glan,Sarangani,"Mudan,Glan,Sarangani"
1099,128002021,New Aklan,,Glan,Sarangani,"New Aklan,Glan,Sarangani"
1100,128002022,Pangyan,,Glan,Sarangani,"Pangyan,Glan,Sarangani"
1101,128002023,Poblacion,,Glan,Sarangani,"Poblacion,Glan,Sarangani"
1102,128002024,Rio Del Pilar,,Glan,Sarangani,"Rio Del Pilar,Glan,Sarangani"
1103,128002025,San Jose,,Glan,Sarangani,"San Jose,Glan,Sarangani"
1104,128002026,San Vicente,,Glan,Sarangani,"San Vicente,Glan,Sarangani"
1105,128002027,Small Margus,,Glan,Sarangani,"Small Margus,Glan,Sarangani"
1106,128002028,Sufatubo,,Glan,Sarangani,"Sufatubo,Glan,Sarangani"
1107,128002029,Taluya,,Glan,Sarangani,"Taluya,Glan,Sarangani"
1108,128002030,Tango,,Glan,Sarangani,"Tango,Glan,Sarangani"
1109,128002031,Tapon,,Glan,Sarangani,"Tapon,Glan,Sarangani"
1110,128003000,KIAMBA,,,Sarangani,"KIAMBA,Sarangani"
1111,128003001,Badtasan,,Kiamba,Sarangani,"Badtasan,Kiamba,Sarangani"
1112,128003002,Datu Dani,,Kiamba,Sarangani,"Datu Dani,Kiamba,Sarangani"
1113,128003003,Gasi,,Kiamba,Sarangani,"Gasi,Kiamba,Sarangani"
1114,128003004,Kapate,,Kiamba,Sarangani,"Kapate,Kiamba,Sarangani"
1115,128003005,Katubao,,Kiamba,Sarangani,"Katubao,Kiamba,Sarangani"
1116,128003006,Kayupo,,Kiamba,Sarangani,"Kayupo,Kiamba,Sarangani"
1117,128003007,Kling (Lumit),,Kiamba,Sarangani,"Kling (Lumit),Kiamba,Sarangani"
1118,128003008,Lagundi,,Kiamba,Sarangani,"Lagundi,Kiamba,Sarangani"
1119,128003009,Lebe,,Kiamba,Sarangani,"Lebe,Kiamba,Sarangani"
1120,128003010,Lomuyon,,Kiamba,Sarangani,"Lomuyon,Kiamba,Sarangani"
1121,128003011,Luma,,Kiamba,Sarangani,"Luma,Kiamba,Sarangani"
1122,128003012,Maligang,,Kiamba,Sarangani,"Maligang,Kiamba,Sarangani"
1123,128003013,Nalus,,Kiamba,Sarangani,"Nalus,Kiamba,Sarangani"
1124,128003014,Poblacion,,Kiamba,Sarangani,"Poblacion,Kiamba,Sarangani"
1125,128003015,Salakit,,Kiamba,Sarangani,"Salakit,Kiamba,Sarangani"
1126,128003016,Suli,,Kiamba,Sarangani,"Suli,Kiamba,Sarangani"
1127,128003017,Tablao,,Kiamba,Sarangani,"Tablao,Kiamba,Sarangani"
1128,128003018,Tamadang,,Kiamba,Sarangani,"Tamadang,Kiamba,Sarangani"
1129,128003019,Tambilil,,Kiamba,Sarangani,"Tambilil,Kiamba,Sarangani"
1130,128004000,MAASIM,,,Sarangani,"MAASIM,Sarangani"
1131,128004001,Amsipit,,Maasim,Sarangani,"Amsipit,Maasim,Sarangani"
1132,128004002,Bales,,Maasim,Sarangani,"Bales,Maasim,Sarangani"
1133,128004003,Colon,,Maasim,Sarangani,"Colon,Maasim,Sarangani"
1134,128004004,Daliao,,Maasim,Sarangani,"Daliao,Maasim,Sarangani"
1135,128004005,Kabatiol,,Maasim,Sarangani,"Kabatiol,Maasim,Sarangani"
1136,128004006,Kablacan,,Maasim,Sarangani,"Kablacan,Maasim,Sarangani"
1137,128004007,Kamanga,,Maasim,Sarangani,"Kamanga,Maasim,Sarangani"
1138,128004008,Kanalo,,Maasim,Sarangani,"Kanalo,Maasim,Sarangani"
1139,128004009,Lumasal,,Maasim,Sarangani,"Lumasal,Maasim,Sarangani"
1140,128004010,Lumatil,,Maasim,Sarangani,"Lumatil,Maasim,Sarangani"
1141,128004011,Malbang,,Maasim,Sarangani,"Malbang,Maasim,Sarangani"
1142,128004012,Nomoh,,Maasim,Sarangani,"Nomoh,Maasim,Sarangani"
1143,128004013,Pananag,,Maasim,Sarangani,"Pananag,Maasim,Sarangani"
1144,128004014,Poblacion (Maasim),,Maasim,Sarangani,"Poblacion (Maasim),Maasim,Sarangani"
1145,128004015,Seven Hills,,Maasim,Sarangani,"Seven Hills,Maasim,Sarangani"
1146,128004016,Tinoto,,Maasim,Sarangani,"Tinoto,Maasim,Sarangani"
1147,128005000,MAITUM,,,Sarangani,"MAITUM,Sarangani"
1148,128005001,Bati-an,,Maitum,Sarangani,"Bati-an,Maitum,Sarangani"
1149,128005002,Kalaneg,,Maitum,Sarangani,"Kalaneg,Maitum,Sarangani"
1150,128005003,Kalaong,,Maitum,Sarangani,"Kalaong,Maitum,Sarangani"
1151,128005004,Kiambing,,Maitum,Sarangani,"Kiambing,Maitum,Sarangani"
1152,128005005,Kiayap,,Maitum,Sarangani,"Kiayap,Maitum,Sarangani"
1153,128005006,Mabay,,Maitum,Sarangani,"Mabay,Maitum,Sarangani"
1154,128005007,Maguling,,Maitum,Sarangani,"Maguling,Maitum,Sarangani"
1155,128005008,Malalag (Pob.),,Maitum,Sarangani,"Malalag (Pob.),Maitum,Sarangani"
1156,128005009,Mindupok,,Maitum,Sarangani,"Mindupok,Maitum,Sarangani"
1157,128005010,New La Union,,Maitum,Sarangani,"New La Union,Maitum,Sarangani"
1158,128005011,Old Poblacion (Maitum),,Maitum,Sarangani,"Old Poblacion (Maitum),Maitum,Sarangani"
1159,128005012,Pangi (Linao),,Maitum,Sarangani,"Pangi (Linao),Maitum,Sarangani"
1160,128005013,Pinol,,Maitum,Sarangani,"Pinol,Maitum,Sarangani"
1161,128005014,Sison (Edenton),,Maitum,Sarangani,"Sison (Edenton),Maitum,Sarangani"
1162,128005015,Ticulab,,Maitum,Sarangani,"Ticulab,Maitum,Sarangani"
1163,128005016,Tuanadatu,,Maitum,Sarangani,"Tuanadatu,Maitum,Sarangani"
1164,128005017,Upo (Lanao),,Maitum,Sarangani,"Upo (Lanao),Maitum,Sarangani"
1165,128005018,Wali (Kambuhan),,Maitum,Sarangani,"Wali (Kambuhan),Maitum,Sarangani"
1166,128005019,Zion,,Maitum,Sarangani,"Zion,Maitum,Sarangani"
1167,128006000,MALAPATAN,,,Sarangani,"MALAPATAN,Sarangani"
1168,128006001,Daan Suyan,,Malapatan,Sarangani,"Daan Suyan,Malapatan,Sarangani"
1169,128006002,Kihan,,Malapatan,Sarangani,"Kihan,Malapatan,Sarangani"
1170,128006003,Kinam,,Malapatan,Sarangani,"Kinam,Malapatan,Sarangani"
1171,128006004,Libi,,Malapatan,Sarangani,"Libi,Malapatan,Sarangani"
1172,128006005,Lun Masla,,Malapatan,Sarangani,"Lun Masla,Malapatan,Sarangani"
1173,128006006,Lun Padidu,,Malapatan,Sarangani,"Lun Padidu,Malapatan,Sarangani"
1174,128006007,Patag,,Malapatan,Sarangani,"Patag,Malapatan,Sarangani"
1175,128006008,Poblacion (Malapatan),,Malapatan,Sarangani,"Poblacion (Malapatan),Malapatan,Sarangani"
1176,128006009,Sapu Masla,,Malapatan,Sarangani,"Sapu Masla,Malapatan,Sarangani"
1177,128006010,Sapu Padidu,,Malapatan,Sarangani,"Sapu Padidu,Malapatan,Sarangani"
1178,128006011,Tuyan,,Malapatan,Sarangani,"Tuyan,Malapatan,Sarangani"
1179,128006012,Upper Suyan,,Malapatan,Sarangani,"Upper Suyan,Malapatan,Sarangani"
1180,128007000,MALUNGON,,,Sarangani,"MALUNGON,Sarangani"
1181,128007001,Alkikan,,Malungon,Sarangani,"Alkikan,Malungon,Sarangani"
1182,128007002,Ampon,,Malungon,Sarangani,"Ampon,Malungon,Sarangani"
1183,128007003,Atlae,,Malungon,Sarangani,"Atlae,Malungon,Sarangani"
1184,128007004,Banahaw,,Malungon,Sarangani,"Banahaw,Malungon,Sarangani"
1185,128007005,Banate,,Malungon,Sarangani,"Banate,Malungon,Sarangani"
1186,128007006,B'Laan,,Malungon,Sarangani,"B'Laan,Malungon,Sarangani"
1187,128007007,Datal Batong,,Malungon,Sarangani,"Datal Batong,Malungon,Sarangani"
1188,128007008,Datal Bila,,Malungon,Sarangani,"Datal Bila,Malungon,Sarangani"
1189,128007009,Datal Tampal,,Malungon,Sarangani,"Datal Tampal,Malungon,Sarangani"
1190,128007010,J.P. Laurel,,Malungon,Sarangani,"J.P. Laurel,Malungon,Sarangani"
1191,128007011,Kawayan,,Malungon,Sarangani,"Kawayan,Malungon,Sarangani"
1192,128007012,Kibala,,Malungon,Sarangani,"Kibala,Malungon,Sarangani"
1193,128007013,Kiblat,,Malungon,Sarangani,"Kiblat,Malungon,Sarangani"
1194,128007014,Kinabalan,,Malungon,Sarangani,"Kinabalan,Malungon,Sarangani"
1195,128007015,Lower Mainit,,Malungon,Sarangani,"Lower Mainit,Malungon,Sarangani"
1196,128007016,Lutay,,Malungon,Sarangani,"Lutay,Malungon,Sarangani"
1197,128007017,Malabod,,Malungon,Sarangani,"Malabod,Malungon,Sarangani"
1198,128007018,Malalag Cogon,,Malungon,Sarangani,"Malalag Cogon,Malungon,Sarangani"
1199,128007019,Malandag,,Malungon,Sarangani,"Malandag,Malungon,Sarangani"
1200,128007020,Malungon Gamay,,Malungon,Sarangani,"Malungon Gamay,Malungon,Sarangani"
1201,128007021,Nagpan,,Malungon,Sarangani,"Nagpan,Malungon,Sarangani"
1202,128007022,Panamin,,Malungon,Sarangani,"Panamin,Malungon,Sarangani"
1203,128007023,Poblacion,,Malungon,Sarangani,"Poblacion,Malungon,Sarangani"
1204,128007024,San Juan,,Malungon,Sarangani,"San Juan,Malungon,Sarangani"
1205,128007025,San Miguel,,Malungon,Sarangani,"San Miguel,Malungon,Sarangani"
1206,128007026,San Roque,,Malungon,Sarangani,"San Roque,Malungon,Sarangani"
1207,128007027,Talus,,Malungon,Sarangani,"Talus,Malungon,Sarangani"
1208,128007028,Tamban,,Malungon,Sarangani,"Tamban,Malungon,Sarangani"
1209,128007029,Upper Biangan,,Malungon,Sarangani,"Upper Biangan,Malungon,Sarangani"
1210,128007030,Upper Lumabat,,Malungon,Sarangani,"Upper Lumabat,Malungon,Sarangani"
1211,128007031,Upper Mainit,,Malungon,Sarangani,"Upper Mainit,Malungon,Sarangani"
1212,129800000,COTABATO CITY,,,,COTABATO CITY
1213,129804000,CITY OF COTABATO,,,,CITY OF COTABATO
1214,129804001,Bagua,,,Cotabato City,"Bagua,Cotabato City"
1215,129804002,Kalanganan,,,Cotabato City,"Kalanganan,Cotabato City"
1216,129804003,Poblacion,,,Cotabato City,"Poblacion,Cotabato City"
1217,129804004,Rosary Heights,,,Cotabato City,"Rosary Heights,Cotabato City"
1218,129804005,Tamontaka,,,Cotabato City,"Tamontaka,Cotabato City"
1219,129804006,Bagua I,,,Cotabato City,"Bagua I,Cotabato City"
1220,129804007,Bagua II,,,Cotabato City,"Bagua II,Cotabato City"
1221,129804008,Bagua III,,,Cotabato City,"Bagua III,Cotabato City"
1222,129804009,Kalanganan I,,,Cotabato City,"Kalanganan I,Cotabato City"
1223,129804010,Kalanganan II,,,Cotabato City,"Kalanganan II,Cotabato City"
1224,129804011,Poblacion I,,,Cotabato City,"Poblacion I,Cotabato City"
1225,129804012,Poblacion II,,,Cotabato City,"Poblacion II,Cotabato City"
1226,129804013,Poblacion III,,,Cotabato City,"Poblacion III,Cotabato City"
1227,129804014,Poblacion IV,,,Cotabato City,"Poblacion IV,Cotabato City"
1228,129804015,Poblacion V,,,Cotabato City,"Poblacion V,Cotabato City"
1229,129804016,Poblacion VI,,,Cotabato City,"Poblacion VI,Cotabato City"
1230,129804017,Poblacion VII,,,Cotabato City,"Poblacion VII,Cotabato City"
1231,129804018,Poblacion VIII,,,Cotabato City,"Poblacion VIII,Cotabato City"
1232,129804019,Poblacion IX,,,Cotabato City,"Poblacion IX,Cotabato City"
1233,129804020,Rosary Heights I,,,Cotabato City,"Rosary Heights I,Cotabato City"
1234,129804021,Rosary Heights II,,,Cotabato City,"Rosary Heights II,Cotabato City"
1235,129804022,Rosary Heights III,,,Cotabato City,"Rosary Heights III,Cotabato City"
1236,129804023,Rosary Heights IV,,,Cotabato City,"Rosary Heights IV,Cotabato City"
1237,129804024,Rosary Heights V,,,Cotabato City,"Rosary Heights V,Cotabato City"
1238,129804025,Rosary Heights VI,,,Cotabato City,"Rosary Heights VI,Cotabato City"
1239,129804026,Rosary Heights VII,,,Cotabato City,"Rosary Heights VII,Cotabato City"
1240,129804027,Rosary Heights VIII,,,Cotabato City,"Rosary Heights VIII,Cotabato City"
1241,129804028,Rosary Heights IX,,,Cotabato City,"Rosary Heights IX,Cotabato City"
1242,129804029,Rosary Heights X,,,Cotabato City,"Rosary Heights X,Cotabato City"
1243,129804030,Rosary Heights XI,,,Cotabato City,"Rosary Heights XI,Cotabato City"
1244,129804031,Rosary Heights XII,,,Cotabato City,"Rosary Heights XII,Cotabato City"
1245,129804032,Rosary Heights XIII,,,Cotabato City,"Rosary Heights XIII,Cotabato City"
1246,129804033,Tamontaka I,,,Cotabato City,"Tamontaka I,Cotabato City"
1247,129804034,Tamontaka II,,,Cotabato City,"Tamontaka II,Cotabato City"
1248,129804035,Tamontaka III,,,Cotabato City,"Tamontaka III,Cotabato City"
1249,129804036,Tamontaka IV,,,Cotabato City,"Tamontaka IV,Cotabato City"
1250,129804037,Tamontaka V,,,Cotabato City,"Tamontaka V,Cotabato City"
